NP_566689.2|Arabidopsis_thaliana|CERK1	CERK1_LysM1	100.000	53	0	0	36	88	1	53	1.60e-34	111
NP_566689.2|Arabidopsis_thaliana|CERK1	CERK1_LysM1	38.095	21	13	0	179	199	18	38	0.32	17.3
NP_566689.2|Arabidopsis_thaliana|CERK1	CERK1_LysM1	38.889	18	7	1	392	405	2	19	2.8	15.0
NP_566689.2|Arabidopsis_thaliana|CERK1	CERK1_LysM2	100.000	46	0	0	105	150	1	46	6.70e-29	95.5
NP_566689.2|Arabidopsis_thaliana|CERK1	CERK1_LysM3	100.000	42	0	0	170	211	1	42	2.91e-26	87.8
NP_566689.2|Arabidopsis_thaliana|CERK1	CERK1_LysM3	36.364	22	14	0	53	74	10	31	1.2	15.8
NP_566689.2|Arabidopsis_thaliana|CERK1	LYK5_LysM1	38.095	21	13	0	176	196	1	21	1.4	15.4
XP_010510437.1|Camelina_sativa	CERK1_LysM1	94.340	53	3	0	42	94	1	53	1.44e-33	108
XP_010510437.1|Camelina_sativa	CERK1_LysM1	38.095	21	13	0	185	205	18	38	0.78	16.5
XP_010510437.1|Camelina_sativa	CERK1_LysM1	38.889	18	7	1	398	411	2	19	3.9	14.6
XP_010510437.1|Camelina_sativa	CERK1_LysM2	78.261	46	10	0	111	156	1	46	3.64e-22	76.3
XP_010510437.1|Camelina_sativa	CERK1_LysM3	80.952	42	8	0	176	217	1	42	1.03e-21	74.7
XP_010510437.1|Camelina_sativa	LYK5_LysM2	33.333	42	26	1	116	157	3	42	6.19e-04	24.6
XP_019092715.1|Camelina_sativa	CERK1_LysM1	94.340	53	3	0	43	95	1	53	7.66e-33	106
XP_019092715.1|Camelina_sativa	CERK1_LysM1	40.000	20	12	0	187	206	19	38	1.1	16.2
XP_019092715.1|Camelina_sativa	CERK1_LysM1	38.889	18	7	1	399	412	2	19	2.6	15.0
XP_019092715.1|Camelina_sativa	CERK1_LysM3	80.952	42	8	0	177	218	1	42	9.85e-22	74.7
XP_019092715.1|Camelina_sativa	CERK1_LysM2	76.087	46	11	0	112	157	1	46	1.62e-21	74.3
XP_010488182.1|Camelina_sativa	CERK1_LysM1	94.340	53	3	0	41	93	1	53	1.39e-33	108
XP_010488182.1|Camelina_sativa	CERK1_LysM1	38.095	21	13	0	184	204	18	38	0.78	16.5
XP_010488182.1|Camelina_sativa	CERK1_LysM1	38.889	18	7	1	398	411	2	19	3.9	14.6
XP_010488182.1|Camelina_sativa	CERK1_LysM2	78.261	46	10	0	110	155	1	46	1.56e-22	77.4
XP_010488182.1|Camelina_sativa	CERK1_LysM3	80.952	42	8	0	175	216	1	42	8.92e-22	75.1
XP_010488178.1|Camelina_sativa	CERK1_LysM2	76.087	46	11	0	106	151	1	46	2.53e-20	70.9
XP_010488178.1|Camelina_sativa	CERK1_LysM3	76.190	42	10	0	171	212	1	42	2.93e-20	70.5
XP_010488178.1|Camelina_sativa	CERK1_LysM1	55.172	58	21	1	32	89	1	53	1.88e-18	65.9
XP_010488178.1|Camelina_sativa	CERK1_LysM1	38.889	18	7	1	379	392	2	19	2.7	15.0
XP_010488178.1|Camelina_sativa	LYK5_LysM3	44.444	9	5	0	548	556	8	16	9.8	13.5
XP_010466414.1|Camelina_sativa	CERK1_LysM1	65.517	58	15	2	41	98	1	53	2.38e-20	71.2
XP_010466414.1|Camelina_sativa	CERK1_LysM1	38.889	18	7	1	389	402	2	19	2.9	15.0
XP_010466414.1|Camelina_sativa	CERK1_LysM3	71.429	42	12	0	180	221	1	42	6.83e-19	66.6
XP_010466414.1|Camelina_sativa	CERK1_LysM3	27.273	33	24	0	58	90	10	42	0.46	16.9
XP_010466414.1|Camelina_sativa	CERK1_LysM2	69.565	46	14	0	115	160	1	46	1.94e-18	65.5
XP_010466414.1|Camelina_sativa	LYK5_LysM3	44.444	9	5	0	559	567	8	16	9.4	13.5
XP_010510418.1|Camelina_sativa	CERK1_LysM3	76.190	42	10	0	179	220	1	42	1.26e-20	71.6
XP_010510418.1|Camelina_sativa	CERK1_LysM2	73.913	46	12	0	114	159	1	46	1.28e-19	68.9
XP_010510418.1|Camelina_sativa	CERK1_LysM2	43.750	16	9	0	179	194	1	16	0.042	19.6
XP_010510418.1|Camelina_sativa	CERK1_LysM1	56.897	58	20	1	40	97	1	53	1.03e-18	66.6
XP_010510418.1|Camelina_sativa	CERK1_LysM1	38.889	18	7	1	387	400	2	19	2.9	15.0
XP_010510418.1|Camelina_sativa	LYK5_LysM3	44.444	9	5	0	557	565	8	16	9.8	13.5
XP_010490292.2|Camelina_sativa	CERK1_LysM2	73.913	46	12	0	104	149	1	46	2.28e-19	68.2
XP_010490292.2|Camelina_sativa	CERK1_LysM3	69.048	42	13	0	169	210	1	42	2.69e-17	62.4
XP_010490292.2|Camelina_sativa	CERK1_LysM1	50.000	58	20	2	34	87	1	53	3.14e-13	51.2
XP_010490292.2|Camelina_sativa	CERK1_LysM1	38.889	18	7	1	377	390	2	19	3.2	14.6
XP_010490292.2|Camelina_sativa	LYK5_LysM3	35.714	14	9	0	547	560	8	21	8.9	13.5
XP_023641807.1|Capsella_rubella	CERK1_LysM1	96.226	53	2	0	40	92	1	53	4.77e-34	110
XP_023641807.1|Capsella_rubella	CERK1_LysM1	38.889	18	7	1	396	409	2	19	3.7	14.6
XP_023641807.1|Capsella_rubella	CERK1_LysM2	76.087	46	11	0	109	154	1	46	5.35e-22	75.9
XP_023641807.1|Capsella_rubella	CERK1_LysM2	62.500	8	3	0	272	279	34	41	1.9	15.4
XP_023641807.1|Capsella_rubella	CERK1_LysM3	76.190	42	10	0	174	215	1	42	4.62e-20	70.1
XP_023641807.1|Capsella_rubella	LYK5_LysM3	44.444	9	5	0	4	12	35	43	6.2	13.9
XP_023642198.1|Capsella_rubella	CERK1_LysM2	71.739	46	13	0	109	154	1	46	5.95e-19	67.0
XP_023642198.1|Capsella_rubella	CERK1_LysM3	71.429	42	12	0	174	215	1	42	1.52e-18	65.9
XP_023642198.1|Capsella_rubella	CERK1_LysM3	43.750	32	16	1	51	82	10	39	0.030	20.0
XP_023642198.1|Capsella_rubella	CERK1_LysM1	55.932	59	20	1	34	92	1	53	3.07e-18	65.1
XP_023642198.1|Capsella_rubella	CERK1_LysM1	33.333	27	17	1	182	208	12	37	1.7	15.4
XP_023642198.1|Capsella_rubella	LYK5_LysM3	33.333	21	10	1	552	568	8	28	9.5	13.5
XP_013692606.1|Brassica_napus	CERK1_LysM1	77.358	53	12	0	42	94	1	53	5.10e-27	90.1
XP_013692606.1|Brassica_napus	CERK1_LysM1	38.889	18	7	1	394	407	2	19	4.1	14.6
XP_013692606.1|Brassica_napus	CERK1_LysM3	73.810	42	11	0	176	217	1	42	1.56e-19	68.6
XP_013692606.1|Brassica_napus	CERK1_LysM2	73.333	45	12	0	111	155	1	45	1.99e-18	65.5
XP_013692606.1|Brassica_napus	CERK1_LysM2	45.455	11	6	0	273	283	34	44	1.2	15.8
XP_013692606.1|Brassica_napus	LYK5_LysM3	44.444	9	5	0	562	570	8	16	9.8	13.5
XP_013743114.1|Brassica_napus	CERK1_LysM1	75.472	53	13	0	42	94	1	53	1.35e-25	86.3
XP_013743114.1|Brassica_napus	CERK1_LysM1	38.889	18	7	1	394	407	2	19	4.2	14.6
XP_013743114.1|Brassica_napus	CERK1_LysM3	76.190	42	10	0	176	217	1	42	6.80e-20	69.7
XP_013743114.1|Brassica_napus	CERK1_LysM3	24.528	53	23	2	111	163	1	36	9.3	13.5
XP_013743114.1|Brassica_napus	CERK1_LysM2	68.889	45	14	0	111	155	1	45	1.23e-16	60.5
XP_013743114.1|Brassica_napus	CERK1_LysM2	45.455	11	6	0	273	283	34	44	1.3	15.8
XP_013743114.1|Brassica_napus	LYK5_LysM3	44.444	9	5	0	562	570	8	16	9.5	13.5
XP_009145469.1|Brassica_rapa	CERK1_LysM1	73.585	53	14	0	39	91	1	53	4.07e-25	84.7
XP_009145469.1|Brassica_rapa	CERK1_LysM1	38.889	18	7	1	391	404	2	19	4.2	14.6
XP_009145469.1|Brassica_rapa	CERK1_LysM3	76.190	42	10	0	173	214	1	42	6.90e-20	69.7
XP_009145469.1|Brassica_rapa	CERK1_LysM2	71.111	45	13	0	108	152	1	45	3.53e-17	62.0
XP_009145469.1|Brassica_rapa	CERK1_LysM2	45.455	11	6	0	270	280	34	44	1.2	15.8
XP_009145469.1|Brassica_rapa	LYK5_LysM3	44.444	9	5	0	559	567	8	16	9.5	13.5
XP_020222022.2|Cajanus_cajan	CERK1_LysM3	50.000	42	21	0	161	202	1	42	1.13e-12	49.3
XP_020222022.2|Cajanus_cajan	CERK1_LysM3	29.032	31	22	0	35	65	1	31	0.61	16.5
XP_020222022.2|Cajanus_cajan	CERK1_LysM2	33.333	45	30	0	96	140	1	45	5.05e-08	36.2
XP_020222022.2|Cajanus_cajan	CERK1_LysM2	55.556	9	4	0	348	356	26	34	8.9	13.5
XP_020222022.2|Cajanus_cajan	CERK1_LysM1	39.130	23	14	0	57	79	31	53	0.001	24.3
XP_020222022.2|Cajanus_cajan	CERK1_LysM1	31.579	19	13	0	171	189	19	37	2.4	15.0
XP_020222022.2|Cajanus_cajan	CERK1_LysM1	38.889	18	7	1	387	400	2	19	4.4	14.2
XP_020222022.2|Cajanus_cajan	LYK5_LysM3	42.857	14	8	0	160	173	1	14	0.078	18.9
XP_020222022.2|Cajanus_cajan	LYK5_LysM2	23.077	39	30	0	102	140	4	42	0.20	17.7
TKY72192.1|Spatholobus_suberectus	CERK1_LysM3	57.143	42	18	0	167	208	1	42	6.57e-14	52.8
TKY72192.1|Spatholobus_suberectus	CERK1_LysM3	46.154	13	6	1	60	71	19	31	3.0	14.6
TKY72192.1|Spatholobus_suberectus	CERK1_LysM2	31.111	45	31	0	102	146	1	45	2.94e-06	31.2
TKY72192.1|Spatholobus_suberectus	CERK1_LysM2	55.556	9	4	0	355	363	26	34	8.4	13.5
TKY72192.1|Spatholobus_suberectus	CERK1_LysM1	32.075	53	28	1	41	85	1	53	4.64e-06	30.8
TKY72192.1|Spatholobus_suberectus	CERK1_LysM1	38.889	18	7	1	394	407	2	19	3.3	14.6
TKY72192.1|Spatholobus_suberectus	CERK1_LysM1	80.000	5	1	0	189	193	31	35	6.3	13.9
TKY72192.1|Spatholobus_suberectus	LYK5_LysM2	28.205	39	28	0	108	146	4	42	0.042	19.6
TKY72192.1|Spatholobus_suberectus	LYK5_LysM3	31.250	16	11	0	101	116	1	16	9.1	13.5
TKY57029.1|Spatholobus_suberectus	CERK1_LysM3	52.381	42	20	0	176	217	1	42	1.38e-13	52.0
TKY57029.1|Spatholobus_suberectus	CERK1_LysM3	23.810	21	16	0	120	140	7	27	0.083	18.9
TKY57029.1|Spatholobus_suberectus	CERK1_LysM3	30.000	30	20	1	53	82	5	33	0.30	17.3
TKY57029.1|Spatholobus_suberectus	CERK1_LysM2	46.667	45	24	0	111	155	1	45	5.03e-10	42.0
TKY57029.1|Spatholobus_suberectus	LYK5_LysM2	32.258	31	21	0	117	147	4	34	0.006	21.9
TKY57029.1|Spatholobus_suberectus	LYK5_LysM3	66.667	9	3	0	258	266	5	13	2.7	15.0
XP_022642573.1|Vigna_radiata_var_radiata	CERK1_LysM3	52.381	42	20	0	168	209	1	42	1.42e-12	48.9
XP_022642573.1|Vigna_radiata_var_radiata	CERK1_LysM3	46.154	13	6	1	61	72	19	31	2.8	14.6
XP_022642573.1|Vigna_radiata_var_radiata	CERK1_LysM2	33.333	45	30	0	103	147	1	45	1.43e-08	37.7
XP_022642573.1|Vigna_radiata_var_radiata	CERK1_LysM2	55.556	9	4	0	355	363	26	34	9.0	13.5
XP_022642573.1|Vigna_radiata_var_radiata	CERK1_LysM1	30.189	53	29	1	42	86	1	53	1.72e-05	29.3
XP_022642573.1|Vigna_radiata_var_radiata	CERK1_LysM1	38.889	18	7	1	394	407	2	19	3.5	14.6
XP_022642573.1|Vigna_radiata_var_radiata	LYK5_LysM2	26.316	38	28	0	110	147	5	42	0.58	16.5
XP_027930876.1|Vigna_unguiculata	CERK1_LysM3	57.143	42	18	0	168	209	1	42	5.30e-14	52.8
XP_027930876.1|Vigna_unguiculata	CERK1_LysM3	46.154	13	6	1	61	72	19	31	2.8	14.6
XP_027930876.1|Vigna_unguiculata	CERK1_LysM2	35.556	45	29	0	103	147	1	45	9.11e-09	38.1
XP_027930876.1|Vigna_unguiculata	CERK1_LysM2	55.556	9	4	0	355	363	26	34	8.7	13.5
XP_027930876.1|Vigna_unguiculata	CERK1_LysM1	28.302	53	30	1	42	86	1	53	7.47e-05	27.3
XP_027930876.1|Vigna_unguiculata	CERK1_LysM1	38.889	18	7	1	394	407	2	19	3.2	14.6
XP_027930876.1|Vigna_unguiculata	LYK5_LysM2	28.205	39	28	0	109	147	4	42	0.010	21.6
XP_027930876.1|Vigna_unguiculata	LYK5_LysM3	25.581	43	29	1	167	209	1	40	0.069	19.2
XP_013462891.1|Medicago_truncatula	CERK1_LysM3	50.000	42	20	1	162	202	1	42	8.50e-11	43.9
XP_013462891.1|Medicago_truncatula	CERK1_LysM2	40.000	45	27	0	97	141	1	45	2.41e-09	40.0
XP_013462891.1|Medicago_truncatula	CERK1_LysM1	35.849	53	26	1	36	80	1	53	1.21e-06	32.3
XP_013462891.1|Medicago_truncatula	CERK1_LysM1	80.000	5	1	0	388	392	2	6	5.8	14.2
XP_013462891.1|Medicago_truncatula	LYK5_LysM2	32.353	34	23	0	103	136	4	37	0.004	22.3
XP_013462891.1|Medicago_truncatula	LYK5_LysM3	57.143	14	6	0	161	174	1	14	0.069	19.2
OWM79803.1|Punica_granatum	CERK1_LysM3	42.857	42	24	0	165	206	1	42	2.00e-12	48.5
OWM79803.1|Punica_granatum	CERK1_LysM2	42.222	45	26	0	100	144	1	45	3.21e-08	36.6
OWM79803.1|Punica_granatum	CERK1_LysM1	28.302	53	31	1	38	83	1	53	3.20e-04	25.8
OWM79803.1|Punica_granatum	LYK5_LysM2	32.258	31	21	0	103	133	1	31	0.020	20.4
OWM79803.1|Punica_granatum	LYK5_LysM3	31.579	19	13	0	99	117	1	19	0.92	16.2
XP_030552976.1|Rhodamnia_argentea	CERK1_LysM3	54.762	42	19	0	171	212	1	42	5.03e-14	53.1
XP_030552976.1|Rhodamnia_argentea	CERK1_LysM3	55.556	9	4	0	67	75	23	31	0.66	16.5
XP_030552976.1|Rhodamnia_argentea	CERK1_LysM3	62.500	8	3	0	543	550	5	12	1.6	15.4
XP_030552976.1|Rhodamnia_argentea	CERK1_LysM2	42.222	45	26	0	106	150	1	45	4.83e-09	38.9
XP_030552976.1|Rhodamnia_argentea	LYK5_LysM2	40.000	35	21	0	111	145	3	37	1.36e-05	29.3
XP_030552976.1|Rhodamnia_argentea	LYK5_LysM2	80.000	5	1	0	273	277	3	7	3.1	14.6
XP_030552976.1|Rhodamnia_argentea	CERK1_LysM1	34.783	23	15	0	67	89	31	53	0.004	22.7
XP_030552976.1|Rhodamnia_argentea	CERK1_LysM1	66.667	6	2	0	392	397	2	7	3.3	14.6
XP_030552976.1|Rhodamnia_argentea	LYK5_LysM3	50.000	14	7	0	170	183	1	14	0.16	18.1
XP_030552976.1|Rhodamnia_argentea	LYK5_LysM1	45.455	11	6	0	542	552	1	11	0.95	15.8
XP_030552976.1|Rhodamnia_argentea	LYK5_LysM1	28.571	35	19	1	562	590	4	38	9.3	13.5
XP_042485476.1|Macadamia_integrifolia	CERK1_LysM3	59.524	42	17	0	171	212	1	42	2.04e-15	57.0
XP_042485476.1|Macadamia_integrifolia	CERK1_LysM2	48.889	45	23	0	106	150	1	45	6.00e-11	44.3
XP_042485476.1|Macadamia_integrifolia	CERK1_LysM2	50.000	18	7	1	193	208	26	43	1.6	15.4
XP_042485476.1|Macadamia_integrifolia	CERK1_LysM1	35.185	54	26	2	43	88	1	53	5.90e-06	30.4
XP_042485476.1|Macadamia_integrifolia	LYK5_LysM2	36.000	25	16	0	113	137	5	29	0.025	20.4
XP_042520030.1|Macadamia_integrifolia	CERK1_LysM3	57.143	42	18	0	171	212	1	42	2.50e-13	51.2
XP_042520030.1|Macadamia_integrifolia	CERK1_LysM2	46.667	45	24	0	106	150	1	45	8.47e-09	38.5
XP_042520030.1|Macadamia_integrifolia	CERK1_LysM1	44.444	54	20	2	44	88	1	53	1.85e-08	37.7
XP_042520030.1|Macadamia_integrifolia	CERK1_LysM1	40.000	20	12	0	180	199	18	37	1.2	15.8
XP_042520030.1|Macadamia_integrifolia	LYK5_LysM3	39.286	28	17	0	170	197	1	28	0.001	23.9
XP_042520030.1|Macadamia_integrifolia	LYK5_LysM2	33.333	27	18	0	112	138	4	30	0.002	23.1
XP_042520030.1|Macadamia_integrifolia	LYK5_LysM1	29.412	34	24	0	55	88	6	39	0.084	18.9
XP_042520030.1|Macadamia_integrifolia	LYK5_LysM1	33.333	21	14	0	177	197	1	21	0.15	18.1
XP_043692651.1|Telopea_speciosissima	CERK1_LysM3	54.762	42	19	0	171	212	1	42	1.26e-15	57.4
XP_043692651.1|Telopea_speciosissima	CERK1_LysM2	50.000	46	22	1	105	150	1	45	1.02e-09	40.8
XP_043692651.1|Telopea_speciosissima	CERK1_LysM1	32.075	53	28	1	43	87	1	53	2.70e-06	31.6
XP_043692651.1|Telopea_speciosissima	CERK1_LysM1	31.429	35	16	1	171	197	1	35	5.1	14.2
XP_043692651.1|Telopea_speciosissima	LYK5_LysM1	22.581	31	24	0	108	138	1	31	0.47	16.5
XP_043689469.1|Telopea_speciosissima	CERK1_LysM3	46.512	43	22	1	168	210	1	42	1.48e-11	45.8
XP_043689469.1|Telopea_speciosissima	CERK1_LysM2	48.889	45	23	0	103	147	1	45	1.03e-10	43.9
XP_043689469.1|Telopea_speciosissima	CERK1_LysM1	39.623	53	24	1	42	86	1	53	3.76e-07	33.9
XP_043689469.1|Telopea_speciosissima	LYK5_LysM1	43.750	16	9	0	53	68	6	21	0.80	16.2
DAD23452.1|Nelumbo_nucifera	CERK1_LysM3	54.762	42	19	0	172	213	1	42	1.57e-14	54.3
DAD23452.1|Nelumbo_nucifera	CERK1_LysM2	51.111	45	22	0	107	151	1	45	1.06e-10	43.9
DAD23452.1|Nelumbo_nucifera	CERK1_LysM1	28.302	53	29	2	42	85	1	53	4.49e-04	25.4
DAD23452.1|Nelumbo_nucifera	LYK5_LysM1	30.769	39	22	1	178	216	1	34	0.006	21.9
DAD23452.1|Nelumbo_nucifera	LYK5_LysM3	44.444	18	10	0	107	124	2	19	0.86	16.2
OAY64703.1|Ananas_comosus	CERK1_LysM3	56.818	44	17	1	167	210	1	42	6.17e-14	52.8
OAY64703.1|Ananas_comosus	CERK1_LysM3	35.897	39	23	1	41	77	1	39	0.009	21.6
OAY64703.1|Ananas_comosus	CERK1_LysM2	44.444	45	25	0	102	146	1	45	8.07e-09	38.5
OAY64703.1|Ananas_comosus	CERK1_LysM1	40.476	42	24	1	43	84	12	52	2.95e-04	25.8
OAY64703.1|Ananas_comosus	CERK1_LysM1	38.889	18	7	1	392	405	2	19	2.2	15.4
OAY64703.1|Ananas_comosus	CERK1_LysM1	26.087	23	17	0	23	45	31	53	6.2	13.9
OAY64703.1|Ananas_comosus	LYK5_LysM3	34.146	41	25	1	251	291	2	40	0.012	21.2
OAY64703.1|Ananas_comosus	LYK5_LysM2	30.769	39	27	0	108	146	4	42	0.028	20.0
XP_044957860.1|Hordeum_vulgare	CERK1_LysM3	43.478	46	22	1	168	213	1	42	6.84e-11	44.3
XP_044957860.1|Hordeum_vulgare	CERK1_LysM3	32.353	34	22	1	82	114	1	34	3.5	14.6
XP_044957860.1|Hordeum_vulgare	CERK1_LysM2	44.444	45	24	1	104	147	1	45	1.50e-07	35.0
XP_044957860.1|Hordeum_vulgare	CERK1_LysM1	25.532	47	35	0	34	80	6	52	0.027	20.4
XP_044957860.1|Hordeum_vulgare	LYK5_LysM2	38.462	26	15	1	110	134	4	29	0.17	18.1
XP_044957860.1|Hordeum_vulgare	LYK5_LysM3	66.667	6	2	0	314	319	15	20	4.3	14.2
XP_044955446.1|Hordeum_vulgare	CERK1_LysM3	43.478	46	22	1	181	226	1	42	3.87e-10	42.0
XP_044955446.1|Hordeum_vulgare	CERK1_LysM2	44.444	45	24	1	117	160	1	45	2.47e-08	37.0
XP_044955446.1|Hordeum_vulgare	CERK1_LysM1	28.302	53	31	1	49	94	1	53	6.34e-04	25.0
XP_044955446.1|Hordeum_vulgare	LYK5_LysM2	38.462	26	15	1	123	147	4	29	0.017	20.8
XP_044955446.1|Hordeum_vulgare	LYK5_LysM3	66.667	6	2	0	328	333	15	20	4.4	14.2
XP_015695685.2|Oryza_brachyantha	CERK1_LysM3	43.182	44	23	1	177	220	1	42	2.22e-11	45.4
XP_015695685.2|Oryza_brachyantha	CERK1_LysM2	44.444	45	24	1	113	156	1	45	2.28e-08	37.4
XP_015695685.2|Oryza_brachyantha	CERK1_LysM2	34.375	32	19	1	280	309	6	37	1.8	15.4
XP_015695685.2|Oryza_brachyantha	CERK1_LysM1	42.308	26	15	0	64	89	27	52	0.006	22.3
XP_015695685.2|Oryza_brachyantha	LYK5_LysM2	34.615	26	16	1	119	143	4	29	1.2	15.8
XP_015650771.1|Oryza_sativa_Japonica_Group	CERK1_LysM3	52.273	44	19	1	175	218	1	42	7.13e-14	52.8
XP_015650771.1|Oryza_sativa_Japonica_Group	CERK1_LysM2	47.727	44	22	1	111	153	1	44	5.64e-09	38.9
XP_015650771.1|Oryza_sativa_Japonica_Group	CERK1_LysM1	41.667	24	14	0	62	85	27	50	0.008	21.9
XP_025820009.1|Panicum_hallii	CERK1_LysM3	41.304	46	22	2	168	212	1	42	5.94e-08	35.8
XP_025820009.1|Panicum_hallii	CERK1_LysM3	33.333	15	10	0	560	574	1	15	6.1	13.9
XP_025820009.1|Panicum_hallii	CERK1_LysM2	47.368	38	19	1	103	139	1	38	6.72e-08	35.8
XP_025820009.1|Panicum_hallii	CERK1_LysM2	32.432	37	24	1	168	204	1	36	0.18	18.1
XP_025820009.1|Panicum_hallii	LYK5_LysM2	37.931	29	17	1	106	133	1	29	0.10	18.5
XP_025820009.1|Panicum_hallii	CERK1_LysM1	38.889	18	7	1	392	405	2	19	3.3	14.6
XP_025820009.1|Panicum_hallii	LYK5_LysM3	66.667	6	2	0	314	319	15	20	4.3	14.2
XP_020396113.1|Zea_mays	CERK1_LysM3	45.833	48	20	2	166	213	1	42	4.26e-10	42.0
XP_020396113.1|Zea_mays	CERK1_LysM3	38.710	31	18	1	34	64	1	30	0.10	18.5
XP_020396113.1|Zea_mays	CERK1_LysM2	40.000	45	26	1	102	145	1	45	3.21e-07	33.9
XP_020396113.1|Zea_mays	CERK1_LysM1	33.962	53	28	2	34	79	1	53	0.002	23.9
XP_020396113.1|Zea_mays	CERK1_LysM1	30.189	53	32	2	166	213	1	53	0.64	16.5
XP_020195791.1|Aegilops_tauschii_subsp_strangulata	CERK1_LysM3	43.478	46	22	1	172	217	1	42	7.97e-11	43.9
XP_020195791.1|Aegilops_tauschii_subsp_strangulata	CERK1_LysM3	55.556	9	4	0	62	70	22	30	0.13	18.1
XP_020195791.1|Aegilops_tauschii_subsp_strangulata	CERK1_LysM2	46.667	45	23	1	108	151	1	45	2.50e-08	37.0
XP_020195791.1|Aegilops_tauschii_subsp_strangulata	CERK1_LysM1	25.000	48	36	0	38	85	6	53	0.007	21.9
XP_020195791.1|Aegilops_tauschii_subsp_strangulata	LYK5_LysM3	36.111	36	21	1	108	143	2	35	0.021	20.4
XP_020195791.1|Aegilops_tauschii_subsp_strangulata	LYK5_LysM3	66.667	6	2	0	318	323	15	20	4.2	14.2
XP_020195791.1|Aegilops_tauschii_subsp_strangulata	LYK5_LysM2	34.615	26	16	1	114	138	4	29	0.12	18.5
XP_045085413.1|Aegilops_tauschii_subsp_strangulata	CERK1_LysM3	45.652	46	21	1	173	218	1	42	1.76e-11	45.8
XP_045085413.1|Aegilops_tauschii_subsp_strangulata	CERK1_LysM2	47.727	44	22	1	109	151	1	44	1.74e-08	37.4
XP_045085413.1|Aegilops_tauschii_subsp_strangulata	CERK1_LysM1	24.528	53	33	1	41	86	1	53	0.014	21.2
XP_045085413.1|Aegilops_tauschii_subsp_strangulata	LYK5_LysM2	34.615	26	16	1	115	139	4	29	0.082	18.9
XP_045085413.1|Aegilops_tauschii_subsp_strangulata	LYK5_LysM3	66.667	6	2	0	311	316	15	20	4.1	14.2
XP_037457510.1|Triticum_dicoccoides	CERK1_LysM3	43.478	46	22	1	176	221	1	42	7.71e-11	43.9
XP_037457510.1|Triticum_dicoccoides	CERK1_LysM3	55.556	9	4	0	66	74	22	30	0.13	18.1
XP_037457510.1|Triticum_dicoccoides	CERK1_LysM2	46.667	45	23	1	112	155	1	45	2.52e-08	37.0
XP_037457510.1|Triticum_dicoccoides	CERK1_LysM1	25.000	48	36	0	42	89	6	53	0.018	20.8
XP_037457510.1|Triticum_dicoccoides	LYK5_LysM3	36.111	36	21	1	112	147	2	35	0.024	20.4
XP_037457510.1|Triticum_dicoccoides	LYK5_LysM3	66.667	6	2	0	322	327	15	20	4.3	14.2
XP_037457510.1|Triticum_dicoccoides	LYK5_LysM2	34.615	26	16	1	118	142	4	29	0.12	18.5
XP_037464680.1|Triticum_dicoccoides	CERK1_LysM3	45.652	46	21	1	172	217	1	42	5.23e-11	44.7
XP_037464680.1|Triticum_dicoccoides	CERK1_LysM3	55.556	9	4	0	62	70	22	30	0.13	18.1
XP_037464680.1|Triticum_dicoccoides	CERK1_LysM2	46.667	45	23	1	108	151	1	45	4.79e-08	36.2
XP_037464680.1|Triticum_dicoccoides	LYK5_LysM3	36.111	36	21	1	108	143	2	35	0.011	21.2
XP_037464680.1|Triticum_dicoccoides	LYK5_LysM3	66.667	6	2	0	318	323	15	20	4.3	14.2
XP_037464680.1|Triticum_dicoccoides	CERK1_LysM1	25.000	48	36	0	38	85	6	53	0.018	20.8
XP_037464680.1|Triticum_dicoccoides	LYK5_LysM2	34.615	26	16	1	114	138	4	29	0.12	18.5
XP_037451154.1|Triticum_dicoccoides	CERK1_LysM2	53.333	45	20	1	175	218	1	45	4.77e-10	42.0
XP_037451154.1|Triticum_dicoccoides	CERK1_LysM3	41.304	46	23	1	239	284	1	42	6.08e-10	41.6
XP_037451154.1|Triticum_dicoccoides	CERK1_LysM3	42.857	28	14	2	110	137	5	30	0.11	18.5
XP_037451154.1|Triticum_dicoccoides	CERK1_LysM1	38.095	21	13	0	132	152	33	53	0.034	20.4
XP_037451154.1|Triticum_dicoccoides	LYK5_LysM2	34.615	26	16	1	181	205	4	29	0.099	18.9
XP_037451154.1|Triticum_dicoccoides	LYK5_LysM3	66.667	6	2	0	385	390	15	20	4.6	14.2
XP_010929489.1|Elaeis_guineensis	CERK1_LysM3	60.000	45	14	2	192	235	1	42	3.34e-14	53.5
XP_010929489.1|Elaeis_guineensis	CERK1_LysM3	40.909	22	13	0	243	264	1	22	3.0	14.6
XP_010929489.1|Elaeis_guineensis	CERK1_LysM2	40.000	45	27	0	127	171	1	45	6.93e-08	35.8
XP_010929489.1|Elaeis_guineensis	CERK1_LysM2	37.500	16	10	0	423	438	18	33	0.65	16.5
XP_010929489.1|Elaeis_guineensis	LYK5_LysM2	38.095	42	25	1	131	171	1	42	9.71e-06	29.6
XP_010929489.1|Elaeis_guineensis	CERK1_LysM1	33.333	54	26	3	63	108	1	52	0.001	24.3
XP_010929489.1|Elaeis_guineensis	CERK1_LysM1	38.889	18	7	1	419	432	2	19	3.7	14.6
XP_038985859.1|Phoenix_dactylifera	CERK1_LysM3	52.273	44	19	1	168	211	1	42	1.43e-13	51.6
XP_038985859.1|Phoenix_dactylifera	CERK1_LysM3	25.000	16	12	0	550	565	1	16	8.5	13.5
XP_038985859.1|Phoenix_dactylifera	CERK1_LysM2	48.718	39	20	0	109	147	7	45	1.31e-08	37.7
XP_038985859.1|Phoenix_dactylifera	CERK1_LysM2	37.500	16	10	0	387	402	18	33	0.99	16.2
XP_038985859.1|Phoenix_dactylifera	CERK1_LysM1	34.615	52	29	2	32	83	4	50	3.30e-04	25.8
XP_038985859.1|Phoenix_dactylifera	CERK1_LysM1	25.926	27	19	1	173	199	13	38	5.5	14.2
XP_038985859.1|Phoenix_dactylifera	LYK5_LysM2	30.000	40	28	0	108	147	3	42	0.001	24.3
XP_038985859.1|Phoenix_dactylifera	LYK5_LysM2	38.462	13	8	0	3	15	30	42	1.4	15.4
XP_038989389.1|Phoenix_dactylifera	CERK1_LysM3	54.545	44	18	1	180	223	1	42	1.58e-13	51.6
XP_038989389.1|Phoenix_dactylifera	CERK1_LysM2	41.304	46	27	0	115	160	1	46	1.59e-08	37.7
XP_038989389.1|Phoenix_dactylifera	CERK1_LysM2	37.500	16	10	0	409	424	18	33	0.69	16.5
XP_038989389.1|Phoenix_dactylifera	LYK5_LysM2	34.483	29	19	0	118	146	1	29	0.006	21.9
XP_038989389.1|Phoenix_dactylifera	CERK1_LysM1	28.000	50	30	3	51	94	1	50	1.5	15.8
XP_038989389.1|Phoenix_dactylifera	CERK1_LysM1	38.889	18	7	1	405	418	2	19	4.2	14.6
XP_009384348.1|Musa_acuminata_subsp_malaccensis	CERK1_LysM3	54.545	44	18	1	164	207	1	42	1.45e-14	54.7
XP_009384348.1|Musa_acuminata_subsp_malaccensis	CERK1_LysM2	50.000	46	23	0	99	144	1	46	2.34e-12	48.5
XP_009384348.1|Musa_acuminata_subsp_malaccensis	CERK1_LysM2	55.556	9	4	0	340	348	26	34	9.7	13.5
XP_009384348.1|Musa_acuminata_subsp_malaccensis	CERK1_LysM1	45.000	20	11	0	60	79	31	50	0.015	21.2
XP_009384348.1|Musa_acuminata_subsp_malaccensis	LYK5_LysM2	25.641	39	29	0	105	143	4	42	0.019	20.4
XP_009384348.1|Musa_acuminata_subsp_malaccensis	LYK5_LysM3	40.000	15	9	0	98	112	1	15	0.14	18.1
XP_009401599.1|Musa_acuminata_subsp_malaccensis	CERK1_LysM3	52.273	44	19	1	179	222	1	42	7.59e-14	52.4
XP_009401599.1|Musa_acuminata_subsp_malaccensis	CERK1_LysM3	40.000	35	20	1	53	87	1	34	0.002	23.1
XP_009401599.1|Musa_acuminata_subsp_malaccensis	CERK1_LysM2	43.478	46	26	0	114	159	1	46	6.77e-10	41.6
XP_009401599.1|Musa_acuminata_subsp_malaccensis	CERK1_LysM2	66.667	6	2	0	415	420	28	33	1.9	15.4
XP_009401599.1|Musa_acuminata_subsp_malaccensis	CERK1_LysM1	57.895	19	8	0	78	96	34	52	0.001	24.3
XP_009401599.1|Musa_acuminata_subsp_malaccensis	LYK5_LysM2	37.931	29	17	1	118	145	1	29	0.002	23.1
XP_009401599.1|Musa_acuminata_subsp_malaccensis	LYK5_LysM3	42.857	14	8	0	113	126	1	14	1.0	15.8
PKA54809.1|Apostasia_shenzhenica	CERK1_LysM3	47.727	44	21	1	167	210	1	42	3.72e-12	47.8
PKA54809.1|Apostasia_shenzhenica	CERK1_LysM3	25.000	16	12	0	562	577	1	16	5.4	13.9
PKA54809.1|Apostasia_shenzhenica	CERK1_LysM2	42.222	45	26	0	102	146	1	45	3.80e-09	39.3
PKA54809.1|Apostasia_shenzhenica	LYK5_LysM2	35.135	37	23	1	106	141	1	37	0.002	23.1
PKA54809.1|Apostasia_shenzhenica	CERK1_LysM1	45.833	24	13	0	59	82	27	50	0.026	20.4
PKA54809.1|Apostasia_shenzhenica	CERK1_LysM1	38.889	18	7	1	394	407	2	19	4.0	14.6
PKA54809.1|Apostasia_shenzhenica	LYK5_LysM3	57.143	7	3	0	124	130	7	13	9.5	13.5
PKA47588.1|Apostasia_shenzhenica	CERK1_LysM3	47.727	44	21	1	173	216	1	42	1.72e-11	45.8
PKA47588.1|Apostasia_shenzhenica	CERK1_LysM2	44.444	45	25	0	108	152	1	45	3.88e-10	42.0
PKA47588.1|Apostasia_shenzhenica	LYK5_LysM2	28.205	39	28	0	114	152	4	42	0.002	23.5
PKA47588.1|Apostasia_shenzhenica	LYK5_LysM2	20.000	30	24	0	258	287	6	35	7.9	13.5
PKA47588.1|Apostasia_shenzhenica	CERK1_LysM1	29.630	27	18	1	65	90	26	52	0.27	17.7
XP_020677969.1|Dendrobium_catenatum	CERK1_LysM3	52.273	44	19	1	170	213	1	42	2.19e-13	51.2
XP_020677969.1|Dendrobium_catenatum	CERK1_LysM2	43.478	46	26	0	105	150	1	46	5.62e-10	41.6
XP_020677969.1|Dendrobium_catenatum	LYK5_LysM2	31.034	29	20	0	108	136	1	29	0.002	23.1
XP_020677969.1|Dendrobium_catenatum	LYK5_LysM1	35.000	40	19	2	177	216	2	34	0.036	19.6
XP_020677969.1|Dendrobium_catenatum	LYK5_LysM1	33.333	18	12	0	56	73	6	23	2.3	15.0
XP_039146586.1|Dioscorea_cayenensis_subsp_rotundata	CERK1_LysM3	52.273	44	19	1	170	213	1	42	1.39e-14	54.7
XP_039146586.1|Dioscorea_cayenensis_subsp_rotundata	CERK1_LysM3	25.000	16	12	0	562	577	1	16	7.7	13.5
XP_039146586.1|Dioscorea_cayenensis_subsp_rotundata	CERK1_LysM2	51.111	45	22	0	105	149	1	45	1.59e-10	43.1
XP_039146586.1|Dioscorea_cayenensis_subsp_rotundata	LYK5_LysM2	34.615	26	17	0	111	136	4	29	0.018	20.8
XP_039146586.1|Dioscorea_cayenensis_subsp_rotundata	LYK5_LysM3	35.714	28	18	0	43	70	1	28	0.12	18.5
XP_039146586.1|Dioscorea_cayenensis_subsp_rotundata	LYK5_LysM3	83.333	6	1	0	289	294	39	44	2.0	15.0
XP_039124492.1|Dioscorea_cayenensis_subsp_rotundata	CERK1_LysM3	50.000	46	18	2	261	305	1	42	1.80e-09	40.4
XP_039124492.1|Dioscorea_cayenensis_subsp_rotundata	CERK1_LysM2	45.652	46	24	1	195	240	1	45	6.90e-09	38.9
XP_039124492.1|Dioscorea_cayenensis_subsp_rotundata	CERK1_LysM1	34.483	29	18	1	150	177	25	53	0.20	18.1
XP_039124492.1|Dioscorea_cayenensis_subsp_rotundata	CERK1_LysM1	26.415	53	31	2	261	305	1	53	1.4	15.8
TMW85158.1|Solanum_chilense	CERK1_LysM3	45.455	44	22	1	171	214	1	42	2.32e-11	45.4
TMW85158.1|Solanum_chilense	CERK1_LysM2	41.304	46	26	1	107	151	1	46	2.45e-08	37.0
TMW85158.1|Solanum_chilense	CERK1_LysM1	29.091	55	29	2	43	89	1	53	1.29e-04	26.9
TMW85158.1|Solanum_chilense	CERK1_LysM1	38.889	18	11	0	180	197	18	35	0.94	16.2
TMW85158.1|Solanum_chilense	LYK5_LysM2	38.095	42	25	1	110	150	1	42	5.30e-04	25.0
TMW85158.1|Solanum_chilense	LYK5_LysM1	32.432	37	18	1	181	217	5	34	2.5	15.0
XP_015081610.1|Solanum_pennellii	CERK1_LysM3	40.909	44	24	1	174	217	1	42	1.45e-10	43.1
XP_015081610.1|Solanum_pennellii	CERK1_LysM3	50.000	10	5	0	128	137	18	27	0.75	16.2
XP_015081610.1|Solanum_pennellii	CERK1_LysM2	40.426	47	26	2	109	154	1	46	5.93e-08	35.8
XP_015081610.1|Solanum_pennellii	LYK5_LysM2	30.000	40	26	2	115	153	4	42	0.25	17.7
XP_015081610.1|Solanum_pennellii	CERK1_LysM1	25.455	55	32	2	44	91	1	53	0.46	16.9
XP_015081610.1|Solanum_pennellii	LYK5_LysM1	66.667	6	2	0	143	148	21	26	2.9	14.6
XP_006357944.1|Solanum_tuberosum	CERK1_LysM3	43.182	44	23	1	174	217	1	42	3.69e-12	47.8
XP_006357944.1|Solanum_tuberosum	CERK1_LysM3	55.556	9	4	0	129	137	19	27	0.48	16.9
XP_006357944.1|Solanum_tuberosum	CERK1_LysM2	38.298	47	27	2	109	154	1	46	1.08e-06	32.3
XP_006357944.1|Solanum_tuberosum	LYK5_LysM2	36.667	30	18	1	124	153	14	42	0.38	16.9
XP_006357944.1|Solanum_tuberosum	LYK5_LysM1	66.667	6	2	0	143	148	21	26	2.7	14.6
XP_006348156.1|Solanum_tuberosum	CERK1_LysM3	57.143	42	18	0	163	204	1	42	2.07e-16	59.7
XP_006348156.1|Solanum_tuberosum	CERK1_LysM2	46.154	39	21	0	104	142	7	45	1.67e-07	34.7
XP_006348156.1|Solanum_tuberosum	CERK1_LysM1	80.000	5	1	0	388	392	2	6	3.9	14.6
XP_006348156.1|Solanum_tuberosum	LYK5_LysM2	26.923	26	19	0	104	129	4	29	8.1	13.5
XP_041026860.1|Juglans_microcarpa_x_Juglans_regia	CERK1_LysM3	57.143	42	18	0	171	212	1	42	5.09e-16	58.5
XP_041026860.1|Juglans_microcarpa_x_Juglans_regia	CERK1_LysM3	33.333	30	17	1	106	135	1	27	0.017	20.8
XP_041026860.1|Juglans_microcarpa_x_Juglans_regia	CERK1_LysM2	35.556	45	29	0	106	150	1	45	2.39e-07	34.3
XP_041026860.1|Juglans_microcarpa_x_Juglans_regia	CERK1_LysM2	55.556	9	4	0	344	352	26	34	9.1	13.5
XP_041026860.1|Juglans_microcarpa_x_Juglans_regia	CERK1_LysM1	35.849	53	26	1	45	89	1	53	5.13e-05	28.1
XP_041026860.1|Juglans_microcarpa_x_Juglans_regia	CERK1_LysM1	38.889	18	7	1	383	396	2	19	4.0	14.6
XP_041026860.1|Juglans_microcarpa_x_Juglans_regia	LYK5_LysM2	29.630	27	19	0	111	137	3	29	0.13	18.5
XP_041026860.1|Juglans_microcarpa_x_Juglans_regia	LYK5_LysM2	35.714	14	9	0	105	118	5	18	3.3	14.6
XP_018807525.2|Juglans_regia	CERK1_LysM3	57.143	42	18	0	171	212	1	42	6.96e-15	55.5
XP_018807525.2|Juglans_regia	CERK1_LysM3	36.667	30	16	1	106	135	1	27	0.005	21.9
XP_018807525.2|Juglans_regia	CERK1_LysM2	40.000	45	27	0	106	150	1	45	1.64e-08	37.7
XP_018807525.2|Juglans_regia	CERK1_LysM1	35.849	53	26	1	45	89	1	53	6.67e-06	30.4
XP_018807525.2|Juglans_regia	CERK1_LysM1	38.889	18	7	1	392	405	2	19	4.2	14.6
XP_018807525.2|Juglans_regia	LYK5_LysM2	25.926	27	20	0	111	137	3	29	0.79	16.2
XP_018807525.2|Juglans_regia	LYK5_LysM2	35.714	14	9	0	105	118	5	18	6.0	13.9
XP_035551712.1|Juglans_regia	CERK1_LysM3	53.333	45	18	1	169	213	1	42	6.11e-15	55.5
XP_035551712.1|Juglans_regia	CERK1_LysM3	26.667	30	19	1	103	132	1	27	0.094	18.5
XP_035551712.1|Juglans_regia	CERK1_LysM2	47.826	46	23	1	103	148	1	45	2.84e-08	37.0
XP_035551712.1|Juglans_regia	CERK1_LysM2	38.710	31	19	0	169	199	1	31	0.11	18.5
XP_035551712.1|Juglans_regia	LYK5_LysM2	25.806	31	23	0	109	139	4	34	0.097	18.5
XP_035551712.1|Juglans_regia	LYK5_LysM2	25.000	36	27	0	168	203	5	40	1.9	15.0
XP_035551712.1|Juglans_regia	CERK1_LysM1	38.889	18	7	1	395	408	2	19	4.6	14.2
XP_035551712.1|Juglans_regia	LYK5_LysM3	40.000	15	9	0	174	188	18	32	6.4	13.9
XP_018848473.2|Juglans_regia	CERK1_LysM3	48.889	45	20	1	166	210	1	42	1.83e-13	51.6
XP_018848473.2|Juglans_regia	CERK1_LysM2	44.444	45	25	0	101	145	1	45	2.58e-09	39.7
XP_018848473.2|Juglans_regia	LYK5_LysM2	30.000	40	28	0	107	146	4	43	0.003	22.7
XP_018848473.2|Juglans_regia	CERK1_LysM1	38.889	18	7	1	392	405	2	19	3.3	14.6
XP_018848473.2|Juglans_regia	LYK5_LysM3	80.000	5	1	0	466	470	24	28	7.5	13.9
XP_034702212.1|Vitis_riparia	CERK1_LysM3	59.524	42	17	0	162	203	1	42	6.12e-17	61.2
XP_034702212.1|Vitis_riparia	CERK1_LysM2	44.000	50	23	1	96	145	1	45	6.24e-08	35.8
XP_034702212.1|Vitis_riparia	LYK5_LysM3	32.432	37	22	1	96	132	2	35	0.19	17.7
XP_034702212.1|Vitis_riparia	LYK5_LysM2	29.032	31	22	0	102	132	4	34	0.47	16.9
XP_034702212.1|Vitis_riparia	LYK5_LysM1	35.294	17	11	0	172	188	5	21	3.5	14.6
XP_034702212.1|Vitis_riparia	CERK1_LysM1	38.889	18	7	1	384	397	2	19	4.5	14.2
XP_034698416.1|Vitis_riparia	CERK1_LysM2	51.111	45	22	0	101	145	1	45	2.45e-12	48.5
XP_034698416.1|Vitis_riparia	CERK1_LysM2	41.667	12	7	0	211	222	5	16	6.8	13.9
XP_034698416.1|Vitis_riparia	CERK1_LysM3	47.619	42	22	0	166	207	1	42	3.94e-12	47.8
XP_034698416.1|Vitis_riparia	CERK1_LysM1	43.478	23	13	0	62	84	31	53	0.006	22.3
XP_034698416.1|Vitis_riparia	LYK5_LysM2	23.333	30	23	0	104	133	1	30	0.24	17.7
XP_034698416.1|Vitis_riparia	LYK5_LysM2	38.462	13	8	0	101	113	6	18	1.6	15.4
XP_034698418.1|Vitis_riparia	CERK1_LysM3	54.762	42	19	0	166	207	1	42	4.84e-14	53.1
XP_034698418.1|Vitis_riparia	CERK1_LysM2	51.111	45	22	0	101	145	1	45	6.79e-11	44.3
XP_034698418.1|Vitis_riparia	CERK1_LysM1	33.962	53	27	1	40	84	1	53	2.92e-04	25.8
XP_034698418.1|Vitis_riparia	CERK1_LysM1	38.889	18	7	1	392	405	2	19	4.3	14.6
XP_034698418.1|Vitis_riparia	LYK5_LysM2	33.333	27	18	0	106	132	3	29	0.023	20.4
XP_034698418.1|Vitis_riparia	LYK5_LysM1	50.000	12	6	0	285	296	2	13	6.6	13.9
XP_021657488.1|Hevea_brasiliensis	CERK1_LysM3	64.286	42	15	0	167	208	1	42	8.18e-18	63.9
XP_021657488.1|Hevea_brasiliensis	CERK1_LysM2	46.667	45	24	0	102	146	1	45	1.93e-09	40.0
XP_021657488.1|Hevea_brasiliensis	CERK1_LysM1	33.929	56	28	3	36	85	1	53	2.99e-04	25.8
XP_021657488.1|Hevea_brasiliensis	CERK1_LysM1	38.889	18	7	1	390	403	2	19	5.1	14.2
XP_021657488.1|Hevea_brasiliensis	CERK1_LysM1	41.176	17	10	0	177	193	19	35	8.0	13.9
XP_021657488.1|Hevea_brasiliensis	LYK5_LysM2	36.585	41	24	1	108	148	4	42	0.004	22.3
XP_021657488.1|Hevea_brasiliensis	LYK5_LysM1	47.619	21	11	0	173	193	1	21	0.017	20.4
XP_021686989.1|Hevea_brasiliensis	CERK1_LysM3	61.905	42	16	0	171	212	1	42	4.17e-17	61.6
XP_021686989.1|Hevea_brasiliensis	CERK1_LysM3	40.741	27	14	1	42	66	7	33	0.26	17.3
XP_021686989.1|Hevea_brasiliensis	CERK1_LysM2	51.111	45	22	0	106	150	1	45	9.22e-11	43.9
XP_021686989.1|Hevea_brasiliensis	CERK1_LysM1	37.037	54	29	2	36	85	1	53	1.51e-05	29.3
XP_021686989.1|Hevea_brasiliensis	CERK1_LysM1	38.889	18	7	1	394	407	2	19	2.4	15.0
XP_021686989.1|Hevea_brasiliensis	CERK1_LysM1	35.000	20	13	0	181	200	19	38	6.4	13.9
XP_021686989.1|Hevea_brasiliensis	LYK5_LysM3	57.895	19	8	0	35	53	1	19	2.99e-04	25.4
XP_021686989.1|Hevea_brasiliensis	LYK5_LysM1	42.857	21	12	0	177	197	1	21	0.057	19.2
XP_021686989.1|Hevea_brasiliensis	LYK5_LysM2	34.615	26	17	0	112	137	4	29	0.065	19.2
XP_020537666.1|Jatropha_curcas	CERK1_LysM3	59.524	42	17	0	167	208	1	42	1.26e-15	57.4
XP_020537666.1|Jatropha_curcas	CERK1_LysM2	53.333	45	21	0	102	146	1	45	2.26e-12	48.5
XP_020537666.1|Jatropha_curcas	CERK1_LysM1	35.714	56	27	3	36	85	1	53	4.63e-04	25.4
XP_020537666.1|Jatropha_curcas	CERK1_LysM1	38.889	18	7	1	388	401	2	19	4.5	14.2
XP_020537666.1|Jatropha_curcas	CERK1_LysM1	38.889	18	11	0	176	193	18	35	9.4	13.5
XP_020537666.1|Jatropha_curcas	LYK5_LysM3	32.143	28	19	0	166	193	1	28	0.079	18.9
XP_020537666.1|Jatropha_curcas	LYK5_LysM3	29.167	24	17	0	102	125	2	25	0.92	16.2
XP_020537666.1|Jatropha_curcas	LYK5_LysM2	31.034	29	20	0	105	133	1	29	0.38	16.9
XP_010657225.1|Vitis_vinifera	CERK1_LysM3	59.524	42	17	0	162	203	1	42	5.90e-17	61.2
XP_010657225.1|Vitis_vinifera	CERK1_LysM2	44.000	50	23	1	96	145	1	45	5.04e-08	36.2
XP_010657225.1|Vitis_vinifera	LYK5_LysM2	32.258	31	21	0	102	132	4	34	0.066	19.2
XP_010657225.1|Vitis_vinifera	LYK5_LysM3	32.432	37	22	1	96	132	2	35	0.13	18.1
XP_010657225.1|Vitis_vinifera	LYK5_LysM1	35.294	17	11	0	172	188	5	21	3.5	14.6
XP_010657225.1|Vitis_vinifera	CERK1_LysM1	38.889	18	7	1	386	399	2	19	4.6	14.2
EEF37042.1|Ricinus_communis	CERK1_LysM3	66.667	42	14	0	168	209	1	42	1.38e-18	65.9
EEF37042.1|Ricinus_communis	CERK1_LysM2	51.111	45	22	0	103	147	1	45	1.12e-10	43.5
EEF37042.1|Ricinus_communis	CERK1_LysM2	30.000	30	19	1	65	92	8	37	2.9	14.6
EEF37042.1|Ricinus_communis	LYK5_LysM2	34.483	29	19	0	106	134	1	29	0.011	21.2
EEF37042.1|Ricinus_communis	LYK5_LysM2	26.923	26	19	0	241	266	14	39	5.9	13.9
EEF37042.1|Ricinus_communis	LYK5_LysM2	38.462	13	8	0	171	183	1	13	6.3	13.9
EEF37042.1|Ricinus_communis	CERK1_LysM1	30.357	56	30	3	37	86	1	53	0.14	18.5
EEF37042.1|Ricinus_communis	CERK1_LysM1	38.889	18	7	1	375	388	2	19	2.3	15.0
EEF37042.1|Ricinus_communis	LYK5_LysM3	25.581	43	27	1	103	140	2	44	0.65	16.5
EEF37042.1|Ricinus_communis	LYK5_LysM1	33.333	21	14	0	174	194	1	21	1.1	15.8
XP_011007196.1|Populus_euphratica	CERK1_LysM3	52.381	42	20	0	166	207	1	42	4.94e-15	55.8
XP_011007196.1|Populus_euphratica	CERK1_LysM2	55.556	45	20	0	101	145	1	45	4.38e-12	47.8
XP_011007196.1|Populus_euphratica	CERK1_LysM2	42.857	21	10	1	166	184	1	21	0.64	16.5
XP_011007196.1|Populus_euphratica	CERK1_LysM1	35.849	53	32	1	34	84	1	53	3.16e-07	34.3
XP_011007196.1|Populus_euphratica	CERK1_LysM1	53.333	15	7	0	116	130	1	15	2.3	15.0
XP_011007196.1|Populus_euphratica	CERK1_LysM1	38.889	18	7	1	385	398	2	19	4.3	14.6
XP_011007196.1|Populus_euphratica	LYK5_LysM2	32.353	34	23	0	104	137	1	34	0.002	23.5
XP_011007196.1|Populus_euphratica	LYK5_LysM2	53.846	13	6	0	169	181	1	13	0.32	17.3
XP_011007196.1|Populus_euphratica	LYK5_LysM1	28.205	39	23	1	172	210	1	34	0.24	17.3
XP_011047220.1|Populus_euphratica	CERK1_LysM3	52.381	42	20	0	166	207	1	42	1.98e-14	54.3
XP_011047220.1|Populus_euphratica	CERK1_LysM3	66.667	9	3	0	72	80	6	14	2.1	15.0
XP_011047220.1|Populus_euphratica	CERK1_LysM3	40.909	22	10	1	517	538	11	29	3.6	14.6
XP_011047220.1|Populus_euphratica	CERK1_LysM2	46.667	45	24	0	101	145	1	45	7.31e-09	38.5
XP_011047220.1|Populus_euphratica	CERK1_LysM2	40.000	30	15	2	166	192	1	30	2.9	14.6
XP_011047220.1|Populus_euphratica	CERK1_LysM1	33.962	53	33	1	34	84	1	53	7.67e-06	30.4
XP_011047220.1|Populus_euphratica	CERK1_LysM1	38.889	18	7	1	386	399	2	19	4.5	14.2
XP_011047220.1|Populus_euphratica	LYK5_LysM2	35.484	31	20	0	104	134	1	31	0.015	20.8
XP_011047220.1|Populus_euphratica	LYK5_LysM1	30.769	39	22	1	172	210	1	34	0.079	18.9
XP_011002576.1|Populus_euphratica	CERK1_LysM3	64.286	42	15	0	168	209	1	42	1.70e-16	60.1
XP_011002576.1|Populus_euphratica	CERK1_LysM3	83.333	6	1	0	66	71	25	30	1.7	15.4
XP_011002576.1|Populus_euphratica	CERK1_LysM3	31.250	16	11	0	559	574	1	16	1.9	15.4
XP_011002576.1|Populus_euphratica	CERK1_LysM1	35.849	53	26	1	42	86	1	53	2.45e-06	31.6
XP_011002576.1|Populus_euphratica	CERK1_LysM2	33.333	45	30	0	103	147	1	45	7.81e-06	30.0
XP_024451466.1|Populus_trichocarpa	CERK1_LysM3	54.762	42	19	0	166	207	1	42	1.30e-15	57.4
XP_024451466.1|Populus_trichocarpa	CERK1_LysM2	53.333	45	21	0	101	145	1	45	3.28e-11	45.1
XP_024451466.1|Populus_trichocarpa	CERK1_LysM2	42.857	21	10	1	166	184	1	21	1.7	15.4
XP_024451466.1|Populus_trichocarpa	CERK1_LysM1	37.736	53	31	1	34	84	1	53	3.61e-08	37.0
XP_024451466.1|Populus_trichocarpa	CERK1_LysM1	53.333	15	7	0	116	130	1	15	2.3	15.0
XP_024451466.1|Populus_trichocarpa	LYK5_LysM2	32.353	34	23	0	104	137	1	34	0.001	23.9
XP_024451466.1|Populus_trichocarpa	LYK5_LysM2	46.154	13	7	0	169	181	1	13	1.8	15.4
XP_024440256.1|Populus_trichocarpa	CERK1_LysM3	54.762	42	19	0	166	207	1	42	2.08e-15	57.0
XP_024440256.1|Populus_trichocarpa	CERK1_LysM2	44.444	45	25	0	101	145	1	45	4.69e-08	36.2
XP_024440256.1|Populus_trichocarpa	CERK1_LysM1	32.075	53	34	1	34	84	1	53	1.17e-05	29.6
XP_024440256.1|Populus_trichocarpa	CERK1_LysM1	38.889	18	7	1	384	397	2	19	4.3	14.6
XP_024440256.1|Populus_trichocarpa	LYK5_LysM2	38.710	31	19	0	104	134	1	31	3.72e-04	25.4
XP_024440256.1|Populus_trichocarpa	LYK5_LysM2	45.455	11	6	0	171	181	3	13	4.7	14.2
XP_024440256.1|Populus_trichocarpa	LYK5_LysM1	30.769	39	22	1	172	210	1	34	0.11	18.5
XP_038703409.1|Tripterygium_wilfordii	CERK1_LysM3	57.143	42	18	0	166	207	1	42	2.93e-16	59.3
XP_038703409.1|Tripterygium_wilfordii	CERK1_LysM1	37.736	53	31	1	34	84	1	53	3.29e-07	34.3
XP_038703409.1|Tripterygium_wilfordii	CERK1_LysM1	35.000	20	13	0	176	195	19	38	0.63	16.5
XP_038703409.1|Tripterygium_wilfordii	CERK1_LysM2	37.778	45	28	0	101	145	1	45	5.79e-06	30.4
XP_038703409.1|Tripterygium_wilfordii	LYK5_LysM2	32.258	31	21	0	107	137	4	34	0.002	23.5
XP_038703409.1|Tripterygium_wilfordii	LYK5_LysM1	36.364	22	14	0	172	193	1	22	0.19	17.7
XP_038693220.1|Tripterygium_wilfordii	CERK1_LysM3	59.524	42	17	0	166	207	1	42	9.68e-18	63.5
XP_038693220.1|Tripterygium_wilfordii	CERK1_LysM1	41.509	53	29	1	34	84	1	53	2.55e-09	40.0
XP_038693220.1|Tripterygium_wilfordii	CERK1_LysM1	35.000	20	13	0	176	195	19	38	0.34	17.3
XP_038693220.1|Tripterygium_wilfordii	CERK1_LysM2	37.778	45	28	0	101	145	1	45	4.55e-07	33.5
XP_038693220.1|Tripterygium_wilfordii	CERK1_LysM2	80.000	5	1	0	406	410	29	33	2.0	15.4
XP_038693220.1|Tripterygium_wilfordii	LYK5_LysM2	35.714	28	18	0	107	134	4	31	0.005	22.3
XP_038693220.1|Tripterygium_wilfordii	LYK5_LysM1	38.095	21	13	0	172	192	1	21	0.16	18.1
XP_022728262.1|Durio_zibethinus	CERK1_LysM3	48.889	45	20	1	170	214	1	42	9.77e-15	55.1
XP_022728262.1|Durio_zibethinus	CERK1_LysM1	47.170	53	28	0	35	87	1	53	1.08e-13	52.4
XP_022728262.1|Durio_zibethinus	CERK1_LysM1	38.889	18	7	1	396	409	2	19	3.6	14.6
XP_022728262.1|Durio_zibethinus	CERK1_LysM2	53.333	45	21	0	105	149	1	45	4.77e-13	50.4
XP_016696402.2|Gossypium_hirsutum	CERK1_LysM3	51.111	45	19	1	168	212	1	42	1.64e-13	51.6
XP_016696402.2|Gossypium_hirsutum	CERK1_LysM2	47.826	46	24	0	103	148	1	46	2.94e-12	48.1
XP_016696402.2|Gossypium_hirsutum	CERK1_LysM1	37.736	53	33	0	34	86	1	53	2.73e-11	45.4
XP_016696402.2|Gossypium_hirsutum	CERK1_LysM1	38.889	18	7	1	392	405	2	19	4.5	14.2
XP_016696402.2|Gossypium_hirsutum	LYK5_LysM2	31.034	29	20	0	106	134	1	29	0.024	20.4
XP_016696402.2|Gossypium_hirsutum	LYK5_LysM3	40.000	20	12	0	33	52	1	20	0.063	19.2
XP_040973538.1|Gossypium_hirsutum	CERK1_LysM1	45.283	53	29	0	34	86	1	53	4.89e-14	53.5
XP_040973538.1|Gossypium_hirsutum	CERK1_LysM1	38.889	18	7	1	391	404	2	19	4.4	14.2
XP_040973538.1|Gossypium_hirsutum	CERK1_LysM3	44.444	45	22	1	167	211	1	42	5.64e-12	47.4
XP_040973538.1|Gossypium_hirsutum	CERK1_LysM2	47.826	46	23	1	103	147	1	46	1.97e-10	43.1
XP_040973538.1|Gossypium_hirsutum	CERK1_LysM2	38.095	21	12	1	72	92	18	37	1.2	15.8
XP_040973538.1|Gossypium_hirsutum	LYK5_LysM2	35.135	37	22	2	166	201	5	40	0.98	15.8
XP_040973538.1|Gossypium_hirsutum	LYK5_LysM3	23.077	13	10	0	184	196	6	18	3.3	14.6
XP_040953400.1|Gossypium_hirsutum	CERK1_LysM1	45.283	53	29	0	34	86	1	53	4.84e-14	53.5
XP_040953400.1|Gossypium_hirsutum	CERK1_LysM1	38.889	18	7	1	391	404	2	19	4.2	14.6
XP_040953400.1|Gossypium_hirsutum	CERK1_LysM3	42.222	45	23	1	167	211	1	42	2.20e-11	45.4
XP_040953400.1|Gossypium_hirsutum	CERK1_LysM2	45.652	46	24	1	103	147	1	46	3.26e-10	42.4
XP_040953400.1|Gossypium_hirsutum	CERK1_LysM2	38.095	21	12	1	72	92	18	37	1.1	15.8
XP_040953400.1|Gossypium_hirsutum	LYK5_LysM2	83.333	6	1	0	320	325	6	11	1.4	15.4
XP_040953400.1|Gossypium_hirsutum	LYK5_LysM2	35.135	37	22	2	166	201	5	40	2.3	15.0
XP_040953400.1|Gossypium_hirsutum	LYK5_LysM3	23.077	13	10	0	184	196	6	18	3.3	14.6
XP_016723442.2|Gossypium_hirsutum	CERK1_LysM3	47.619	42	22	0	173	214	1	42	1.64e-13	51.6
XP_016723442.2|Gossypium_hirsutum	CERK1_LysM2	35.556	45	29	0	108	152	1	45	1.80e-06	32.0
XP_016723442.2|Gossypium_hirsutum	CERK1_LysM2	31.250	16	11	0	400	415	18	33	1.9	15.4
XP_016723442.2|Gossypium_hirsutum	CERK1_LysM1	32.075	53	28	1	47	91	1	53	1.25e-05	29.6
XP_016723442.2|Gossypium_hirsutum	LYK5_LysM3	46.154	13	7	0	108	120	2	14	1.00	15.8
XP_017629390.1|Gossypium_arboreum	CERK1_LysM3	51.111	45	19	1	168	212	1	42	3.86e-13	50.4
XP_017629390.1|Gossypium_arboreum	CERK1_LysM1	37.736	53	33	0	34	86	1	53	3.80e-12	48.1
XP_017629390.1|Gossypium_arboreum	CERK1_LysM1	38.889	18	7	1	393	406	2	19	4.5	14.2
XP_017629390.1|Gossypium_arboreum	CERK1_LysM2	45.652	46	25	0	103	148	1	46	2.44e-10	42.7
XP_017629390.1|Gossypium_arboreum	LYK5_LysM2	31.034	29	20	0	106	134	1	29	4.80e-04	25.0
XP_017629390.1|Gossypium_arboreum	LYK5_LysM3	36.364	22	14	0	33	54	1	22	0.11	18.5
XP_017624424.1|Gossypium_arboreum	CERK1_LysM1	47.170	53	28	0	34	86	1	53	1.10e-14	55.1
XP_017624424.1|Gossypium_arboreum	CERK1_LysM1	38.889	18	7	1	391	404	2	19	4.3	14.6
XP_017624424.1|Gossypium_arboreum	CERK1_LysM3	44.444	45	22	1	167	211	1	42	5.86e-12	47.0
XP_017624424.1|Gossypium_arboreum	CERK1_LysM2	45.652	46	24	1	103	147	1	46	5.94e-10	41.6
XP_017624424.1|Gossypium_arboreum	CERK1_LysM2	38.095	21	12	1	72	92	18	37	1.2	15.8
XP_017624424.1|Gossypium_arboreum	LYK5_LysM2	35.135	37	22	2	166	201	5	40	0.94	16.2
XP_017624424.1|Gossypium_arboreum	LYK5_LysM3	23.077	13	10	0	184	196	6	18	3.3	14.6
XP_012491128.1|Gossypium_raimondii	CERK1_LysM3	51.111	45	19	1	168	212	1	42	1.64e-13	51.6
XP_012491128.1|Gossypium_raimondii	CERK1_LysM1	35.849	53	34	0	34	86	1	53	2.83e-12	48.5
XP_012491128.1|Gossypium_raimondii	CERK1_LysM1	38.889	18	7	1	392	405	2	19	4.4	14.2
XP_012491128.1|Gossypium_raimondii	CERK1_LysM2	47.826	46	24	0	103	148	1	46	3.02e-12	48.1
XP_012491128.1|Gossypium_raimondii	LYK5_LysM2	31.034	29	20	0	106	134	1	29	0.017	20.8
XP_012491128.1|Gossypium_raimondii	LYK5_LysM3	40.000	20	12	0	33	52	1	20	0.033	20.0
XP_012472688.1|Gossypium_raimondii	CERK1_LysM1	45.283	53	29	0	34	86	1	53	4.89e-14	53.5
XP_012472688.1|Gossypium_raimondii	CERK1_LysM1	38.889	18	7	1	391	404	2	19	4.2	14.6
XP_012472688.1|Gossypium_raimondii	CERK1_LysM3	42.222	45	23	1	167	211	1	42	2.20e-11	45.4
XP_012472688.1|Gossypium_raimondii	CERK1_LysM2	45.652	46	24	1	103	147	1	46	3.20e-10	42.4
XP_012472688.1|Gossypium_raimondii	CERK1_LysM2	38.095	21	12	1	72	92	18	37	1.1	15.8
XP_012472688.1|Gossypium_raimondii	LYK5_LysM2	83.333	6	1	0	320	325	6	11	1.3	15.4
XP_012472688.1|Gossypium_raimondii	LYK5_LysM2	35.135	37	22	2	166	201	5	40	2.3	15.0
XP_012472688.1|Gossypium_raimondii	LYK5_LysM3	23.077	13	10	0	184	196	6	18	3.3	14.6
XP_012457116.1|Gossypium_raimondii	CERK1_LysM3	50.000	42	21	0	173	214	1	42	6.78e-14	52.8
XP_012457116.1|Gossypium_raimondii	CERK1_LysM2	35.556	45	29	0	108	152	1	45	1.63e-06	32.0
XP_012457116.1|Gossypium_raimondii	CERK1_LysM2	31.250	16	11	0	400	415	18	33	1.9	15.4
XP_012457116.1|Gossypium_raimondii	CERK1_LysM1	32.075	53	28	1	47	91	1	53	1.28e-05	29.6
XP_012457116.1|Gossypium_raimondii	LYK5_LysM3	46.154	13	7	0	108	120	2	14	1.00	15.8
EOX93288.1|Theobroma_cacao	CERK1_LysM3	37.778	45	25	1	170	214	1	42	5.93e-10	41.6
EOX93288.1|Theobroma_cacao	CERK1_LysM2	42.222	45	26	0	105	149	1	45	3.53e-09	39.3
EOX93288.1|Theobroma_cacao	LYK5_LysM2	27.586	29	21	0	108	136	1	29	0.035	19.6
EOX93288.1|Theobroma_cacao	CERK1_LysM1	38.889	18	7	1	387	400	2	19	1.7	15.4
EOX93288.1|Theobroma_cacao	LYK5_LysM3	41.667	12	7	0	456	467	12	23	2.8	14.6
XP_006406249.1|Eutrema_salsugineum	CERK1_LysM1	88.679	53	6	0	37	89	1	53	2.28e-31	102
XP_006406249.1|Eutrema_salsugineum	CERK1_LysM1	28.571	21	15	0	180	200	18	38	6.5	13.9
XP_006406249.1|Eutrema_salsugineum	CERK1_LysM3	83.333	42	7	0	171	212	1	42	1.44e-21	74.3
XP_006406249.1|Eutrema_salsugineum	CERK1_LysM2	71.739	46	13	0	106	151	1	46	2.49e-18	65.5
XP_006406249.1|Eutrema_salsugineum	LYK5_LysM2	34.091	44	27	1	109	152	1	42	2.48e-05	28.5
XP_016580574.1|Capsicum_annuum	CERK1_LysM3	52.273	44	19	1	171	214	1	42	2.04e-14	54.3
XP_016580574.1|Capsicum_annuum	CERK1_LysM2	43.478	46	25	1	107	151	1	46	2.48e-08	37.0
XP_016580574.1|Capsicum_annuum	CERK1_LysM2	33.333	30	17	1	64	90	10	39	4.8	14.2
XP_016580574.1|Capsicum_annuum	CERK1_LysM1	33.333	30	20	0	180	209	18	47	0.24	17.7
XP_016580574.1|Capsicum_annuum	LYK5_LysM1	41.176	17	10	0	181	197	5	21	9.7	13.5
XP_016560163.1|Capsicum_annuum	CERK1_LysM3	47.619	42	22	0	169	210	1	42	1.17e-12	49.3
XP_016560163.1|Capsicum_annuum	CERK1_LysM2	51.282	39	19	0	110	148	7	45	1.27e-08	37.7
XP_016560163.1|Capsicum_annuum	CERK1_LysM1	30.189	53	29	1	43	87	1	53	5.13e-05	28.1
XP_016560163.1|Capsicum_annuum	CERK1_LysM1	80.000	5	1	0	394	398	2	6	3.8	14.6
XP_016560163.1|Capsicum_annuum	LYK5_LysM2	30.769	26	18	0	110	135	4	29	1.7	15.4
XP_016560163.1|Capsicum_annuum	LYK5_LysM2	30.303	33	21	2	559	591	12	42	9.8	13.5
XP_016560162.1|Capsicum_annuum	CERK1_LysM3	45.238	42	23	0	165	206	1	42	1.88e-12	48.5
XP_016560162.1|Capsicum_annuum	CERK1_LysM2	38.636	44	27	0	102	145	3	46	2.47e-07	34.3
XP_016560162.1|Capsicum_annuum	CERK1_LysM2	36.364	11	7	0	56	66	21	31	9.6	13.5
XP_016560162.1|Capsicum_annuum	CERK1_LysM1	35.849	53	26	1	39	83	1	53	1.18e-05	29.6
XP_016560162.1|Capsicum_annuum	CERK1_LysM1	80.000	5	1	0	394	398	2	6	5.5	14.2
XP_016560162.1|Capsicum_annuum	LYK5_LysM2	32.000	25	17	0	107	131	5	29	0.15	18.1
XP_016538526.2|Capsicum_annuum	CERK1_LysM3	45.238	42	23	0	170	211	1	42	4.21e-14	53.1
XP_016538526.2|Capsicum_annuum	CERK1_LysM2	38.462	26	16	0	111	136	1	26	0.009	21.6
XP_016538526.2|Capsicum_annuum	LYK5_LysM3	57.143	14	6	0	111	124	2	15	0.29	17.3
XP_016538526.2|Capsicum_annuum	LYK5_LysM1	44.444	9	5	0	269	277	11	19	4.0	14.2
XP_016538522.2|Capsicum_annuum	CERK1_LysM3	45.238	42	23	0	172	213	1	42	4.28e-13	50.4
XP_016538522.2|Capsicum_annuum	CERK1_LysM2	38.000	50	26	1	106	155	1	45	1.40e-07	35.0
XP_016538522.2|Capsicum_annuum	CERK1_LysM2	25.000	28	21	0	284	311	9	36	0.46	16.9
XP_016538522.2|Capsicum_annuum	LYK5_LysM2	31.034	29	20	0	109	137	1	29	8.13e-04	24.3
XP_016538522.2|Capsicum_annuum	LYK5_LysM1	45.455	22	11	1	61	81	11	32	0.55	16.5
XP_018485899.1|Raphanus_sativus	CERK1_LysM1	81.132	53	10	0	41	93	1	53	9.78e-27	89.4
XP_018485899.1|Raphanus_sativus	CERK1_LysM1	38.889	18	7	1	393	406	2	19	2.7	15.0
XP_018485899.1|Raphanus_sativus	CERK1_LysM3	73.810	42	11	0	175	216	1	42	1.50e-19	68.6
XP_018485899.1|Raphanus_sativus	CERK1_LysM2	66.667	45	15	0	110	154	1	45	2.27e-16	59.7
XP_018485899.1|Raphanus_sativus	LYK5_LysM3	44.444	9	5	0	561	569	8	16	9.8	13.5
XP_010524495.1|Tarenaya_hassleriana	CERK1_LysM1	71.698	53	15	0	41	93	1	53	9.78e-25	83.6
XP_010524495.1|Tarenaya_hassleriana	CERK1_LysM1	38.095	21	13	0	184	204	18	38	0.19	18.1
XP_010524495.1|Tarenaya_hassleriana	CERK1_LysM1	44.444	18	6	1	396	409	2	19	2.9	15.0
XP_010524495.1|Tarenaya_hassleriana	CERK1_LysM3	83.333	42	7	0	175	216	1	42	1.20e-21	74.7
XP_010524495.1|Tarenaya_hassleriana	CERK1_LysM3	42.857	14	8	0	110	123	1	14	0.18	18.1
XP_010524495.1|Tarenaya_hassleriana	CERK1_LysM2	60.000	45	18	0	110	154	1	45	1.69e-14	54.3
XP_010524495.1|Tarenaya_hassleriana	LYK5_LysM2	34.091	44	27	1	113	156	1	42	8.49e-04	24.3
XP_010524495.1|Tarenaya_hassleriana	LYK5_LysM3	38.462	13	8	0	355	367	4	16	2.4	15.0
PHT56352.1|Capsicum_baccatum	CERK1_LysM3	47.619	42	22	0	140	181	1	42	1.81e-12	48.9
PHT56352.1|Capsicum_baccatum	CERK1_LysM2	51.282	39	19	0	81	119	7	45	5.55e-08	36.2
PHT56352.1|Capsicum_baccatum	CERK1_LysM1	30.189	53	29	1	14	58	1	53	7.97e-05	27.7
PHT56352.1|Capsicum_baccatum	CERK1_LysM1	80.000	5	1	0	365	369	2	6	4.9	14.2
PHT56352.1|Capsicum_baccatum	LYK5_LysM2	30.769	26	18	0	81	106	4	29	2.2	15.0
PHT56353.1|Capsicum_baccatum	CERK1_LysM3	45.238	42	23	0	165	206	1	42	1.91e-12	48.5
PHT56353.1|Capsicum_baccatum	CERK1_LysM2	38.636	44	27	0	102	145	3	46	2.94e-07	33.9
PHT56353.1|Capsicum_baccatum	CERK1_LysM1	35.849	53	26	1	39	83	1	53	7.05e-06	30.4
PHT56353.1|Capsicum_baccatum	CERK1_LysM1	80.000	5	1	0	411	415	2	6	5.7	14.2
PHT56353.1|Capsicum_baccatum	LYK5_LysM2	32.000	25	17	0	107	131	5	29	0.18	18.1
PHU26763.1|Capsicum_chinense	CERK1_LysM3	45.238	42	23	0	165	206	1	42	2.01e-12	48.5
PHU26763.1|Capsicum_chinense	CERK1_LysM2	38.636	44	27	0	102	145	3	46	2.44e-07	34.3
PHU26763.1|Capsicum_chinense	CERK1_LysM2	36.364	11	7	0	56	66	21	31	9.8	13.5
PHU26763.1|Capsicum_chinense	CERK1_LysM1	35.849	53	26	1	39	83	1	53	5.62e-06	30.8
PHU26763.1|Capsicum_chinense	CERK1_LysM1	80.000	5	1	0	412	416	2	6	5.7	14.2
PHU26763.1|Capsicum_chinense	LYK5_LysM2	32.000	25	17	0	107	131	5	29	0.15	18.1
CAD6245921.1|Miscanthus_lutarioriparius	CERK1_LysM2	42.222	45	25	1	105	148	1	45	1.20e-07	35.0
CAD6245921.1|Miscanthus_lutarioriparius	CERK1_LysM3	30.435	46	26	3	169	212	1	42	2.21e-04	25.8
CAD6245921.1|Miscanthus_lutarioriparius	LYK5_LysM3	36.111	36	21	1	105	140	2	35	0.034	20.0
CAD6245921.1|Miscanthus_lutarioriparius	LYK5_LysM3	66.667	6	2	0	282	287	15	20	4.6	14.2
CAD6245921.1|Miscanthus_lutarioriparius	CERK1_LysM1	28.889	45	32	0	33	77	3	47	0.30	17.7
CAD6245921.1|Miscanthus_lutarioriparius	LYK5_LysM2	40.000	20	12	0	242	261	3	22	1.6	15.4
CAD6264884.1|Miscanthus_lutarioriparius	CERK1_LysM2	46.809	47	23	2	102	147	1	46	3.22e-08	36.6
CAD6264884.1|Miscanthus_lutarioriparius	CERK1_LysM3	30.435	46	26	3	167	210	1	42	2.66e-04	25.4
CAD6264884.1|Miscanthus_lutarioriparius	CERK1_LysM3	31.250	32	21	1	35	66	1	31	2.6	14.6
CAD6264884.1|Miscanthus_lutarioriparius	CERK1_LysM3	37.500	24	13	1	108	131	7	28	3.3	14.6
CAD6264884.1|Miscanthus_lutarioriparius	CERK1_LysM1	28.889	45	32	0	33	77	6	50	0.15	18.5
CAD6264884.1|Miscanthus_lutarioriparius	LYK5_LysM3	27.273	33	11	1	253	285	1	20	3.7	14.2
CAD6264884.1|Miscanthus_lutarioriparius	LYK5_LysM1	34.615	26	15	1	108	133	1	24	6.6	13.9
CAD6224281.1|Miscanthus_lutarioriparius	CERK1_LysM3	41.304	46	23	1	167	212	1	42	1.19e-09	40.4
CAD6224281.1|Miscanthus_lutarioriparius	CERK1_LysM2	46.154	39	20	1	109	146	7	45	1.05e-06	32.3
CAD6224281.1|Miscanthus_lutarioriparius	CERK1_LysM1	24.561	57	28	2	34	79	1	53	0.31	17.3
CAD6224281.1|Miscanthus_lutarioriparius	LYK5_LysM2	71.429	7	2	0	173	179	4	10	8.2	13.5
XP_021321049.1|Sorghum_bicolor	CERK1_LysM2	46.667	45	23	1	102	145	1	45	4.72e-09	38.9
XP_021321049.1|Sorghum_bicolor	CERK1_LysM3	32.609	46	25	3	166	209	1	42	9.35e-05	26.9
XP_021321049.1|Sorghum_bicolor	LYK5_LysM3	41.667	36	19	1	102	137	2	35	0.001	23.9
XP_021321049.1|Sorghum_bicolor	LYK5_LysM3	66.667	6	2	0	310	315	15	20	4.5	14.2
XP_021321049.1|Sorghum_bicolor	LYK5_LysM2	34.615	26	16	1	108	132	4	29	1.1	15.8
XP_021321049.1|Sorghum_bicolor	CERK1_LysM1	25.000	48	36	0	29	76	3	50	2.7	15.0
XP_021310111.1|Sorghum_bicolor	CERK1_LysM3	41.304	46	23	1	167	212	1	42	1.19e-09	40.4
XP_021310111.1|Sorghum_bicolor	CERK1_LysM3	42.105	19	9	1	267	285	5	21	0.43	16.9
XP_021310111.1|Sorghum_bicolor	CERK1_LysM2	43.590	39	21	1	109	146	7	45	1.32e-06	32.0
XP_021310111.1|Sorghum_bicolor	CERK1_LysM1	40.741	27	16	0	53	79	27	53	1.42e-04	26.6
XP_021310111.1|Sorghum_bicolor	LYK5_LysM2	71.429	7	2	0	173	179	4	10	8.6	13.5
XP_020581267.1|Phalaenopsis_equestris	CERK1_LysM3	45.455	44	22	1	168	211	1	42	5.22e-11	44.3
XP_020581267.1|Phalaenopsis_equestris	CERK1_LysM2	39.130	46	28	0	103	148	1	46	6.80e-09	38.5
XP_020581267.1|Phalaenopsis_equestris	LYK5_LysM2	21.951	41	30	1	109	149	4	42	0.27	17.3
XP_020581267.1|Phalaenopsis_equestris	LYK5_LysM1	40.909	22	11	1	175	196	2	21	0.55	16.5
XP_020600103.1|Phalaenopsis_equestris	CERK1_LysM3	54.545	44	18	1	159	202	1	42	1.69e-13	51.6
XP_020600103.1|Phalaenopsis_equestris	CERK1_LysM3	25.000	16	12	0	553	568	1	16	4.1	14.2
XP_020600103.1|Phalaenopsis_equestris	CERK1_LysM2	41.026	39	22	1	101	138	7	45	1.48e-06	32.0
XP_020600103.1|Phalaenopsis_equestris	CERK1_LysM1	35.000	40	26	0	38	77	13	52	0.002	23.5
XP_020600103.1|Phalaenopsis_equestris	CERK1_LysM1	38.889	18	7	1	385	398	2	19	4.0	14.6
XP_020600103.1|Phalaenopsis_equestris	LYK5_LysM2	46.667	15	8	0	94	108	5	19	0.095	18.5
XP_020246016.1|Asparagus_officinalis	CERK1_LysM3	50.000	42	19	1	135	174	1	42	7.17e-10	41.2
XP_020246016.1|Asparagus_officinalis	CERK1_LysM2	42.222	45	26	0	70	114	1	45	1.02e-08	38.1
XP_020246016.1|Asparagus_officinalis	CERK1_LysM1	43.902	41	22	1	13	52	13	53	3.61e-04	25.4
KMZ60282.1|Zostera_marina	CERK1_LysM3	58.140	43	17	1	171	213	1	42	2.38e-14	53.9
KMZ60282.1|Zostera_marina	CERK1_LysM3	66.667	6	2	0	71	76	26	31	4.0	14.2
KMZ60282.1|Zostera_marina	CERK1_LysM2	51.111	45	22	0	106	150	1	45	1.00e-12	49.3
KMZ60282.1|Zostera_marina	CERK1_LysM2	38.710	31	17	1	171	199	1	31	0.39	16.9
KMZ60282.1|Zostera_marina	LYK5_LysM2	31.034	29	20	0	109	137	1	29	0.001	23.9
KMZ60282.1|Zostera_marina	LYK5_LysM2	71.429	7	2	0	43	49	34	40	0.67	16.2
KMZ60282.1|Zostera_marina	CERK1_LysM1	46.154	13	7	0	56	68	26	38	1.2	15.8
KMZ60282.1|Zostera_marina	CERK1_LysM1	25.000	32	16	1	41	72	1	24	2.5	15.0
KMZ60281.1|Zostera_marina	CERK1_LysM3	46.512	43	22	1	168	210	1	42	1.91e-11	45.4
KMZ60281.1|Zostera_marina	CERK1_LysM2	42.222	45	26	0	103	147	1	45	7.05e-09	38.5
KMZ60281.1|Zostera_marina	CERK1_LysM2	32.258	31	19	1	168	196	1	31	5.0	14.2
KMZ60281.1|Zostera_marina	CERK1_LysM1	33.333	21	10	1	374	390	2	22	3.6	14.6
AEO18237.1|Nicotiana_benthamania	CERK1_LysM3	54.762	42	19	0	171	212	1	42	1.30e-16	60.5
AEO18237.1|Nicotiana_benthamania	CERK1_LysM3	40.000	10	6	0	126	135	18	27	0.60	16.5
AEO18237.1|Nicotiana_benthamania	CERK1_LysM2	45.652	46	24	1	107	151	1	46	5.54e-08	36.2
AEO18237.1|Nicotiana_benthamania	CERK1_LysM1	38.889	18	7	1	395	408	2	19	5.7	14.2
AEO18231.1|Nicotiana_benthamania	CERK1_LysM3	40.476	42	25	0	162	203	1	42	2.31e-11	45.4
AEO18231.1|Nicotiana_benthamania	CERK1_LysM2	36.364	44	28	0	99	142	3	46	1.21e-07	35.0
AEO18231.1|Nicotiana_benthamania	CERK1_LysM2	36.364	11	7	0	53	63	21	31	9.8	13.5
AEO18231.1|Nicotiana_benthamania	CERK1_LysM1	35.849	53	26	1	36	80	1	53	6.96e-07	33.1
AEO18231.1|Nicotiana_benthamania	LYK5_LysM2	27.586	29	21	0	100	128	1	29	0.029	20.0
AEO18231.1|Nicotiana_benthamania	LYK5_LysM2	50.000	12	6	0	165	176	1	12	0.42	16.9
XP_016461721.1|Nicotiana_tabacum	CERK1_LysM3	52.381	42	20	0	171	212	1	42	6.89e-16	58.2
XP_016461721.1|Nicotiana_tabacum	CERK1_LysM3	27.586	29	19	1	107	135	1	27	0.55	16.5
XP_016461721.1|Nicotiana_tabacum	CERK1_LysM2	47.826	46	23	1	107	151	1	46	3.24e-09	39.7
XP_016459329.1|Nicotiana_tabacum	CERK1_LysM3	57.143	42	18	0	169	210	1	42	7.19e-17	61.2
XP_016459329.1|Nicotiana_tabacum	CERK1_LysM2	50.000	46	22	1	105	149	1	46	1.24e-10	43.5
XP_016459329.1|Nicotiana_tabacum	CERK1_LysM1	30.189	53	30	1	43	88	1	53	7.24e-05	27.7
XP_016436198.1|Nicotiana_tabacum	CERK1_LysM3	40.476	42	25	0	165	206	1	42	2.32e-11	45.4
XP_016436198.1|Nicotiana_tabacum	CERK1_LysM2	34.091	44	29	0	102	145	3	46	5.67e-07	33.1
XP_016436198.1|Nicotiana_tabacum	CERK1_LysM2	31.250	16	11	0	51	66	16	31	5.6	14.2
XP_016436198.1|Nicotiana_tabacum	CERK1_LysM1	37.736	53	25	1	39	83	1	53	2.58e-06	31.6
XP_016436198.1|Nicotiana_tabacum	LYK5_LysM2	50.000	12	6	0	168	179	1	12	0.40	16.9
XP_016436198.1|Nicotiana_tabacum	LYK5_LysM2	31.034	29	13	1	110	131	1	29	1.7	15.4
XP_016459978.1|Nicotiana_tabacum	CERK1_LysM3	54.762	42	19	0	168	209	1	42	4.40e-15	55.8
XP_016459978.1|Nicotiana_tabacum	CERK1_LysM2	46.154	39	21	0	109	147	7	45	2.03e-07	34.7
XP_016459978.1|Nicotiana_tabacum	CERK1_LysM2	33.333	18	12	0	126	143	1	18	0.15	18.1
XP_016459978.1|Nicotiana_tabacum	LYK5_LysM2	30.769	26	18	0	109	134	4	29	1.8	15.4
XP_016459978.1|Nicotiana_tabacum	CERK1_LysM1	80.000	5	1	0	393	397	2	6	3.7	14.6
XP_016459977.1|Nicotiana_tabacum	CERK1_LysM3	38.095	42	26	0	165	206	1	42	9.86e-11	43.5
XP_016459977.1|Nicotiana_tabacum	CERK1_LysM2	37.209	43	27	0	102	144	3	45	3.02e-07	33.9
XP_016459977.1|Nicotiana_tabacum	CERK1_LysM1	39.623	53	24	1	39	83	1	53	5.12e-07	33.5
XP_016459977.1|Nicotiana_tabacum	LYK5_LysM2	50.000	12	6	0	168	179	1	12	0.11	18.5
XP_016459977.1|Nicotiana_tabacum	LYK5_LysM2	24.000	25	19	0	107	131	5	29	1.0	15.8
XP_016436209.1|Nicotiana_tabacum	CERK1_LysM3	52.381	42	20	0	167	208	1	42	3.29e-14	53.5
XP_016436209.1|Nicotiana_tabacum	CERK1_LysM2	46.154	39	21	0	108	146	7	45	9.27e-07	32.7
XP_016436209.1|Nicotiana_tabacum	CERK1_LysM2	33.333	18	12	0	125	142	1	18	0.17	18.1
XP_016436209.1|Nicotiana_tabacum	CERK1_LysM1	80.000	5	1	0	392	396	2	6	4.0	14.6
XP_016436209.1|Nicotiana_tabacum	LYK5_LysM2	37.500	16	10	0	170	185	28	43	5.0	14.2
XP_016436209.1|Nicotiana_tabacum	LYK5_LysM2	30.769	26	18	0	108	133	4	29	8.2	13.5
XP_006469641.1|Citrus_sinensis	CERK1_LysM3	64.286	42	15	0	170	211	1	42	4.44e-17	61.6
XP_006469641.1|Citrus_sinensis	CERK1_LysM2	51.111	45	22	0	105	149	1	45	4.71e-11	44.7
XP_006469641.1|Citrus_sinensis	CERK1_LysM1	33.962	53	35	0	36	88	1	53	3.21e-08	37.0
XP_006469641.1|Citrus_sinensis	CERK1_LysM1	80.000	5	1	0	391	395	2	6	5.0	14.2
XP_006469641.1|Citrus_sinensis	LYK5_LysM1	60.000	20	6	1	127	144	14	33	0.002	23.5
XP_006469641.1|Citrus_sinensis	LYK5_LysM2	30.769	26	18	0	111	136	4	29	0.98	15.8
XP_024950853.1|Citrus_sinensis	CERK1_LysM3	59.524	42	17	0	172	213	1	42	5.23e-16	58.5
XP_024950853.1|Citrus_sinensis	CERK1_LysM3	25.000	16	12	0	561	576	1	16	6.0	13.9
XP_024950853.1|Citrus_sinensis	CERK1_LysM2	42.222	45	26	0	107	151	1	45	2.87e-07	33.9
XP_024950853.1|Citrus_sinensis	CERK1_LysM2	62.500	8	3	0	192	199	24	31	5.2	14.2
XP_024950853.1|Citrus_sinensis	CERK1_LysM1	44.444	18	6	1	394	407	2	19	0.86	16.2
XP_024950853.1|Citrus_sinensis	CERK1_LysM1	40.909	22	12	1	178	198	14	35	3.6	14.6
XP_006467386.1|Citrus_sinensis	CERK1_LysM2	48.936	47	23	1	96	142	1	46	3.61e-11	45.1
XP_006467386.1|Citrus_sinensis	CERK1_LysM3	45.238	42	21	1	162	201	1	42	2.99e-09	39.7
XP_006467386.1|Citrus_sinensis	CERK1_LysM3	31.250	16	11	0	551	566	1	16	2.7	14.6
XP_006467386.1|Citrus_sinensis	CERK1_LysM1	35.849	53	26	1	35	79	1	53	1.02e-07	35.4
XP_006467386.1|Citrus_sinensis	LYK5_LysM3	30.000	40	17	1	34	62	1	40	0.15	18.1
XP_006467386.1|Citrus_sinensis	LYK5_LysM1	20.000	20	16	0	53	72	19	38	0.98	15.8
XP_024047360.1|Citrus_clementina	CERK1_LysM3	64.286	42	15	0	170	211	1	42	4.44e-17	61.6
XP_024047360.1|Citrus_clementina	CERK1_LysM2	51.111	45	22	0	105	149	1	45	4.71e-11	44.7
XP_024047360.1|Citrus_clementina	CERK1_LysM1	33.962	53	35	0	36	88	1	53	3.21e-08	37.0
XP_024047360.1|Citrus_clementina	CERK1_LysM1	80.000	5	1	0	391	395	2	6	5.0	14.2
XP_024047360.1|Citrus_clementina	LYK5_LysM1	60.000	20	6	1	127	144	14	33	0.002	23.5
XP_024047360.1|Citrus_clementina	LYK5_LysM2	30.769	26	18	0	111	136	4	29	0.98	15.8
XP_024046333.1|Citrus_clementina	CERK1_LysM3	50.000	42	21	0	167	208	1	42	9.33e-12	46.6
XP_024046333.1|Citrus_clementina	CERK1_LysM3	25.000	16	12	0	560	575	1	16	6.4	13.9
XP_024046333.1|Citrus_clementina	CERK1_LysM2	38.298	47	28	1	101	147	1	46	2.12e-08	37.4
XP_024046333.1|Citrus_clementina	CERK1_LysM1	33.962	53	27	1	40	84	1	53	2.71e-06	31.6
XP_024046333.1|Citrus_clementina	CERK1_LysM1	44.444	18	6	1	393	406	2	19	0.49	16.9
XP_024046333.1|Citrus_clementina	CERK1_LysM1	30.000	40	24	2	173	208	14	53	9.3	13.5
XP_024046333.1|Citrus_clementina	LYK5_LysM2	30.769	39	26	1	104	141	1	39	0.017	20.8
XP_024046333.1|Citrus_clementina	LYK5_LysM1	41.176	17	10	0	177	193	5	21	2.0	15.0
XP_024047810.1|Citrus_clementina	CERK1_LysM2	48.936	47	23	1	96	142	1	46	4.18e-11	44.7
XP_024047810.1|Citrus_clementina	CERK1_LysM3	42.857	42	22	1	162	201	1	42	1.00e-08	38.1
XP_024047810.1|Citrus_clementina	CERK1_LysM1	35.849	53	26	1	35	79	1	53	1.07e-07	35.4
XP_024047810.1|Citrus_clementina	LYK5_LysM3	30.000	40	17	1	34	62	1	40	0.15	18.1
XP_024047810.1|Citrus_clementina	LYK5_LysM3	28.125	32	23	0	468	499	11	42	6.1	13.9
XP_024047810.1|Citrus_clementina	LYK5_LysM1	20.000	20	16	0	53	72	19	38	1.0	15.8
Rio_red_grapefruit|CERK1	CERK1_LysM3	64.286	42	15	0	170	211	1	42	2.86e-17	62.4
Rio_red_grapefruit|CERK1	CERK1_LysM2	51.111	45	22	0	105	149	1	45	1.84e-11	45.8
Rio_red_grapefruit|CERK1	CERK1_LysM1	30.189	53	37	0	36	88	1	53	1.12e-06	32.7
Rio_red_grapefruit|CERK1	CERK1_LysM1	80.000	5	1	0	391	395	2	6	5.0	14.2
Rio_red_grapefruit|CERK1	LYK5_LysM1	57.895	19	6	1	128	144	15	33	0.006	21.9
Rio_red_grapefruit|CERK1	LYK5_LysM2	30.769	26	18	0	111	136	4	29	0.74	16.2
Tango_mandarin|CERK1	CERK1_LysM3	59.524	42	17	0	169	210	1	42	8.33e-16	58.2
Tango_mandarin|CERK1	CERK1_LysM3	25.000	16	12	0	558	573	1	16	6.1	13.9
Tango_mandarin|CERK1	CERK1_LysM2	42.222	45	26	0	104	148	1	45	2.78e-07	34.3
Tango_mandarin|CERK1	CERK1_LysM1	45.455	22	11	1	175	195	14	35	0.22	18.1
Tango_mandarin|CERK1	CERK1_LysM1	44.444	18	6	1	391	404	2	19	0.86	16.2
Washington_navel_orange|CERK1	CERK1_LysM3	59.524	42	17	0	169	210	1	42	5.26e-16	58.5
Washington_navel_orange|CERK1	CERK1_LysM3	25.000	16	12	0	558	573	1	16	6.1	13.9
Washington_navel_orange|CERK1	CERK1_LysM2	42.222	45	26	0	104	148	1	45	2.80e-07	34.3
Washington_navel_orange|CERK1	CERK1_LysM2	62.500	8	3	0	189	196	24	31	5.1	14.2
Washington_navel_orange|CERK1	CERK1_LysM1	44.444	18	6	1	391	404	2	19	0.88	16.2
Washington_navel_orange|CERK1	CERK1_LysM1	40.909	22	12	1	175	195	14	35	3.7	14.6
