NP_180916.1|Arabidopsis_thaliana|LYK5	LYK5_LysM2	100.000	43	0	0	134	176	1	43	1.91e-28	94.0
NP_180916.1|Arabidopsis_thaliana|LYK5	LYK5_LysM2	24.390	41	31	0	604	644	2	42	2.8	15.0
NP_180916.1|Arabidopsis_thaliana|LYK5	LYK5_LysM3	100.000	44	0	0	196	239	1	44	3.26e-27	90.5
NP_180916.1|Arabidopsis_thaliana|LYK5	LYK5_LysM1	100.000	39	0	0	71	109	1	39	1.44e-22	77.4
NP_180916.1|Arabidopsis_thaliana|LYK5	CERK1_LysM3	39.130	23	14	0	69	91	5	27	0.65	16.5
NP_180916.1|Arabidopsis_thaliana|LYK5	CERK1_LysM1	44.444	18	10	0	472	489	2	19	1.8	15.4
NP_180916.1|Arabidopsis_thaliana|LYK5	CERK1_LysM1	41.667	12	7	0	534	545	2	13	4.7	14.6
XP_010413840.1|Camelina_sativa	LYK5_LysM2	93.023	43	3	0	133	175	1	43	1.64e-26	88.6
XP_010413840.1|Camelina_sativa	LYK5_LysM2	24.390	41	31	0	610	650	2	42	4.0	14.6
XP_010413840.1|Camelina_sativa	LYK5_LysM3	76.087	46	9	1	195	240	1	44	7.31e-20	69.7
XP_010413840.1|Camelina_sativa	LYK5_LysM1	82.051	39	7	0	70	108	1	39	1.12e-17	63.5
XP_010413840.1|Camelina_sativa	CERK1_LysM1	38.095	21	13	0	196	216	1	21	0.41	17.3
XP_010413840.1|Camelina_sativa	CERK1_LysM1	38.889	18	11	0	476	493	2	19	4.8	14.2
XP_010413840.1|Camelina_sativa	CERK1_LysM1	80.000	5	1	0	538	542	2	6	5.6	14.2
XP_010413840.1|Camelina_sativa	CERK1_LysM3	39.130	23	14	0	68	90	5	27	0.43	16.9
XP_010469453.1|Camelina_sativa	LYK5_LysM2	90.698	43	4	0	190	232	1	43	8.12e-26	86.7
XP_010469453.1|Camelina_sativa	LYK5_LysM2	24.390	41	31	0	668	708	2	42	8.8	13.9
XP_010469453.1|Camelina_sativa	LYK5_LysM3	76.087	46	9	1	252	297	1	44	7.28e-20	69.7
XP_010469453.1|Camelina_sativa	LYK5_LysM1	84.615	39	6	0	125	163	1	39	4.52e-18	64.7
XP_010469453.1|Camelina_sativa	CERK1_LysM1	38.095	21	13	0	253	273	1	21	0.41	17.3
XP_010469453.1|Camelina_sativa	CERK1_LysM1	44.444	18	10	0	535	552	2	19	1.4	16.2
XP_010469453.1|Camelina_sativa	CERK1_LysM1	80.000	5	1	0	597	601	2	6	5.9	14.2
XP_010469453.1|Camelina_sativa	CERK1_LysM3	39.130	23	14	0	123	145	5	27	0.76	16.5
XP_010509863.1|Camelina_sativa	LYK5_LysM2	97.674	43	1	0	176	218	1	43	2.46e-27	90.9
XP_010509863.1|Camelina_sativa	LYK5_LysM3	78.261	46	8	1	238	283	1	44	2.34e-20	71.2
XP_010509863.1|Camelina_sativa	LYK5_LysM1	79.487	39	8	0	111	149	1	39	1.50e-16	60.1
XP_010509863.1|Camelina_sativa	CERK1_LysM1	38.095	21	13	0	239	259	1	21	0.29	17.7
XP_010509863.1|Camelina_sativa	CERK1_LysM1	44.444	18	10	0	521	538	2	19	0.57	16.9
XP_010509863.1|Camelina_sativa	CERK1_LysM1	80.000	5	1	0	584	588	2	6	7.2	13.9
XP_010509863.1|Camelina_sativa	CERK1_LysM3	39.130	23	14	0	109	131	5	27	0.36	17.3
XP_006295585.1|Capsella_rubella	LYK5_LysM2	90.698	43	4	0	138	180	1	43	3.53e-26	87.8
XP_006295585.1|Capsella_rubella	LYK5_LysM2	24.390	41	31	0	616	656	2	42	8.1	13.9
XP_006295585.1|Capsella_rubella	LYK5_LysM3	88.636	44	5	0	200	243	1	44	5.94e-24	81.3
XP_006295585.1|Capsella_rubella	LYK5_LysM1	84.615	39	6	0	73	111	1	39	2.68e-18	65.1
XP_006295585.1|Capsella_rubella	CERK1_LysM1	31.707	41	19	1	201	241	1	32	0.27	17.7
XP_006295585.1|Capsella_rubella	CERK1_LysM1	38.889	18	11	0	479	496	2	19	3.1	15.0
XP_006295585.1|Capsella_rubella	CERK1_LysM1	80.000	5	1	0	541	545	2	6	5.8	14.2
XP_006295585.1|Capsella_rubella	CERK1_LysM3	39.130	23	14	0	71	93	5	27	0.68	16.5
XP_013671298.1|Brassica_napus	LYK5_LysM2	83.721	43	7	0	135	177	1	43	3.95e-22	76.3
XP_013671298.1|Brassica_napus	LYK5_LysM2	26.829	41	30	0	602	642	2	42	4.2	14.2
XP_013671298.1|Brassica_napus	LYK5_LysM3	72.727	44	12	0	197	240	1	44	1.08e-20	72.0
XP_013671298.1|Brassica_napus	LYK5_LysM1	71.795	39	11	0	74	112	1	39	7.98e-14	52.4
XP_013671298.1|Brassica_napus	CERK1_LysM2	35.556	45	27	1	133	175	2	46	7.66e-05	27.3
XP_013671298.1|Brassica_napus	CERK1_LysM1	26.415	53	29	1	198	240	1	53	0.71	16.5
XP_013671298.1|Brassica_napus	CERK1_LysM1	46.667	15	8	0	302	316	1	15	1.2	16.2
XP_013671298.1|Brassica_napus	CERK1_LysM1	44.444	18	10	0	472	489	2	19	1.3	15.8
XP_013671298.1|Brassica_napus	CERK1_LysM1	80.000	5	1	0	535	539	2	6	5.7	14.2
XP_013662422.1|Brassica_napus	LYK5_LysM2	90.000	40	4	0	138	177	4	43	9.55e-23	77.8
XP_013662422.1|Brassica_napus	LYK5_LysM2	26.829	41	30	0	604	644	2	42	4.0	14.6
XP_013662422.1|Brassica_napus	LYK5_LysM3	72.727	44	12	0	197	240	1	44	5.11e-21	73.2
XP_013662422.1|Brassica_napus	LYK5_LysM1	71.795	39	11	0	74	112	1	39	3.96e-14	53.1
XP_013662422.1|Brassica_napus	CERK1_LysM2	33.333	45	28	1	133	175	2	46	4.11e-05	28.1
XP_013662422.1|Brassica_napus	CERK1_LysM1	46.667	15	8	0	304	318	1	15	1.3	15.8
XP_013662422.1|Brassica_napus	CERK1_LysM1	47.059	17	9	0	474	490	2	18	2.0	15.4
XP_013662422.1|Brassica_napus	CERK1_LysM1	80.000	5	1	0	536	540	2	6	6.0	14.2
XP_009141328.1|Brassica_rapa	LYK5_LysM2	90.000	40	4	0	138	177	4	43	1.00e-22	77.8
XP_009141328.1|Brassica_rapa	LYK5_LysM2	26.829	41	30	0	604	644	2	42	4.1	14.6
XP_009141328.1|Brassica_rapa	LYK5_LysM3	72.727	44	12	0	197	240	1	44	5.42e-21	72.8
XP_009141328.1|Brassica_rapa	LYK5_LysM1	71.795	39	11	0	74	112	1	39	3.88e-14	53.1
XP_009141328.1|Brassica_rapa	CERK1_LysM2	33.333	45	28	1	133	175	2	46	4.06e-05	28.1
XP_009141328.1|Brassica_rapa	CERK1_LysM1	46.667	15	8	0	304	318	1	15	1.3	15.8
XP_009141328.1|Brassica_rapa	CERK1_LysM1	47.059	17	9	0	474	490	2	18	2.0	15.4
XP_009141328.1|Brassica_rapa	CERK1_LysM1	80.000	5	1	0	536	540	2	6	6.0	14.2
XP_029126859.1|Cajanus_cajan	LYK5_LysM2	65.000	40	14	0	131	170	4	43	2.46e-17	62.4
XP_029126859.1|Cajanus_cajan	LYK5_LysM3	48.889	45	22	1	190	234	1	44	1.76e-11	45.8
XP_029126859.1|Cajanus_cajan	CERK1_LysM2	34.783	46	29	1	124	169	1	45	1.89e-04	26.2
XP_029126859.1|Cajanus_cajan	LYK5_LysM1	31.579	38	25	1	72	108	2	39	0.41	16.9
XP_029126859.1|Cajanus_cajan	CERK1_LysM1	41.176	17	10	0	468	484	2	18	1.4	15.8
XP_029126859.1|Cajanus_cajan	CERK1_LysM1	80.000	5	1	0	532	536	2	6	5.0	14.2
TKY57014.1|Spatholobus_suberectus	LYK5_LysM2	65.000	40	14	0	131	170	4	43	1.07e-16	60.8
TKY57014.1|Spatholobus_suberectus	LYK5_LysM3	51.111	45	21	1	190	234	1	44	6.65e-12	47.0
TKY57014.1|Spatholobus_suberectus	LYK5_LysM3	25.000	36	27	0	557	592	7	42	5.7	14.2
TKY57014.1|Spatholobus_suberectus	LYK5_LysM3	31.579	19	13	0	138	156	18	36	5.7	14.2
TKY57014.1|Spatholobus_suberectus	CERK1_LysM2	34.783	46	29	1	124	169	1	45	2.78e-05	28.5
TKY57014.1|Spatholobus_suberectus	CERK1_LysM2	46.154	13	7	0	304	316	31	43	1.3	15.8
TKY57014.1|Spatholobus_suberectus	LYK5_LysM1	38.462	39	23	1	71	108	1	39	0.012	21.2
TKY57014.1|Spatholobus_suberectus	CERK1_LysM1	80.000	5	1	0	526	530	2	6	4.8	14.2
TKY57014.1|Spatholobus_suberectus	CERK1_LysM1	35.294	17	11	0	462	478	2	18	5.4	14.2
XP_017430370.1|Vigna_angularis	LYK5_LysM2	70.000	40	12	0	131	170	4	43	3.61e-18	64.7
XP_017430370.1|Vigna_angularis	LYK5_LysM3	46.667	45	23	1	190	234	1	44	2.64e-11	45.4
XP_017430370.1|Vigna_angularis	LYK5_LysM1	36.842	38	23	1	72	108	2	39	0.002	23.5
XP_017430370.1|Vigna_angularis	CERK1_LysM2	28.261	46	32	1	124	169	1	45	0.002	23.5
XP_017430370.1|Vigna_angularis	CERK1_LysM1	41.176	17	10	0	465	481	2	18	1.5	15.8
XP_017430370.1|Vigna_angularis	CERK1_LysM1	80.000	5	1	0	529	533	2	6	5.0	14.2
XP_014505078.1|Vigna_radiata_var_radiata	LYK5_LysM2	70.000	40	12	0	131	170	4	43	2.13e-18	65.5
XP_014505078.1|Vigna_radiata_var_radiata	LYK5_LysM3	46.667	45	23	1	190	234	1	44	5.78e-11	44.7
XP_014505078.1|Vigna_radiata_var_radiata	CERK1_LysM2	30.435	46	31	1	124	169	1	45	3.05e-04	25.8
XP_014505078.1|Vigna_radiata_var_radiata	CERK1_LysM2	28.000	25	18	0	491	515	11	35	2.9	15.0
XP_014505078.1|Vigna_radiata_var_radiata	LYK5_LysM1	36.842	38	23	1	72	108	2	39	0.003	23.1
XP_014505078.1|Vigna_radiata_var_radiata	CERK1_LysM1	41.176	17	10	0	465	481	2	18	1.6	15.8
XP_014505078.1|Vigna_radiata_var_radiata	CERK1_LysM1	80.000	5	1	0	529	533	2	6	5.0	14.2
XP_027940256.1|Vigna_unguiculata	LYK5_LysM2	70.000	40	12	0	130	169	4	43	7.93e-18	63.9
XP_027940256.1|Vigna_unguiculata	LYK5_LysM2	40.000	15	9	0	559	573	25	39	3.1	14.6
XP_027940256.1|Vigna_unguiculata	LYK5_LysM3	47.727	44	23	0	189	232	1	44	6.85e-13	50.1
XP_027940256.1|Vigna_unguiculata	CERK1_LysM2	32.609	46	30	1	123	168	1	45	9.96e-05	26.9
XP_027940256.1|Vigna_unguiculata	CERK1_LysM2	28.000	25	18	0	489	513	11	35	2.2	15.0
XP_027940256.1|Vigna_unguiculata	LYK5_LysM1	35.897	39	24	1	70	107	1	39	0.058	19.2
XP_027940256.1|Vigna_unguiculata	CERK1_LysM1	41.176	17	10	0	463	479	2	18	3.4	14.6
XP_027940256.1|Vigna_unguiculata	CERK1_LysM1	80.000	5	1	0	527	531	2	6	5.2	14.2
XP_003616926.2|Medicago_truncatula	LYK5_LysM2	67.500	40	13	0	128	167	4	43	1.53e-16	60.1
XP_003616926.2|Medicago_truncatula	LYK5_LysM2	21.739	23	18	0	36	58	3	25	0.64	16.5
XP_003616926.2|Medicago_truncatula	LYK5_LysM3	55.556	45	19	1	187	231	1	44	9.97e-14	52.4
XP_003616926.2|Medicago_truncatula	LYK5_LysM1	43.590	39	21	1	66	103	1	39	1.32e-05	29.3
XP_003616926.2|Medicago_truncatula	CERK1_LysM2	42.308	26	15	0	128	153	7	32	0.002	23.5
XP_003616926.2|Medicago_truncatula	CERK1_LysM2	27.586	29	21	0	485	513	7	35	2.6	15.0
XP_003616926.2|Medicago_truncatula	CERK1_LysM1	80.000	5	1	0	527	531	2	6	4.9	14.2
XP_003601388.3|Medicago_truncatula	LYK5_LysM2	58.537	41	17	0	173	213	3	43	4.61e-15	56.2
XP_003601388.3|Medicago_truncatula	LYK5_LysM2	23.810	21	12	1	89	105	5	25	4.5	14.2
XP_003601388.3|Medicago_truncatula	LYK5_LysM3	44.444	45	24	1	233	277	1	44	1.24e-09	40.8
XP_003601388.3|Medicago_truncatula	LYK5_LysM3	31.818	22	15	0	181	202	18	39	1.1	16.2
XP_003601388.3|Medicago_truncatula	LYK5_LysM3	21.622	37	28	1	601	636	6	42	6.4	13.9
XP_003601388.3|Medicago_truncatula	CERK1_LysM2	39.130	46	25	2	167	210	1	45	5.44e-05	27.7
XP_003601388.3|Medicago_truncatula	CERK1_LysM2	35.714	14	9	0	444	457	16	29	2.0	15.4
XP_003601388.3|Medicago_truncatula	LYK5_LysM1	35.897	39	24	1	114	151	1	39	0.011	21.2
XP_003601388.3|Medicago_truncatula	CERK1_LysM1	80.000	5	1	0	571	575	2	6	5.4	14.2
XP_003601388.3|Medicago_truncatula	CERK1_LysM1	29.167	24	17	0	128	151	30	53	6.3	14.2
XP_031404507.1|Punica_granatum	LYK5_LysM2	62.500	40	15	0	135	174	4	43	3.65e-15	56.2
XP_031404507.1|Punica_granatum	CERK1_LysM2	34.783	46	29	1	128	173	1	45	2.46e-05	28.9
XP_031404507.1|Punica_granatum	CERK1_LysM1	44.444	18	10	0	466	483	2	19	1.7	15.8
XP_031404507.1|Punica_granatum	CERK1_LysM1	80.000	5	1	0	528	532	2	6	5.4	14.2
XP_031404507.1|Punica_granatum	CERK1_LysM1	66.667	6	2	0	428	433	2	7	8.0	13.9
XP_031404507.1|Punica_granatum	CERK1_LysM3	46.667	15	8	0	199	213	5	19	4.4	14.2
XP_031404507.1|Punica_granatum	CERK1_LysM3	42.857	14	8	0	596	609	1	14	4.9	14.2
XP_031406608.1|Punica_granatum	LYK5_LysM3	47.826	46	22	1	190	235	1	44	5.39e-10	41.6
XP_031406608.1|Punica_granatum	LYK5_LysM2	29.268	41	28	1	136	176	4	43	3.96e-05	28.1
XP_031406608.1|Punica_granatum	LYK5_LysM2	50.000	12	6	0	574	585	19	30	4.4	14.2
XP_031406608.1|Punica_granatum	LYK5_LysM1	33.333	33	22	0	78	110	5	37	0.007	21.6
XP_031406608.1|Punica_granatum	CERK1_LysM2	28.000	50	25	2	191	238	1	41	0.38	16.9
XP_031406608.1|Punica_granatum	CERK1_LysM1	24.000	25	19	0	52	76	2	26	9.8	13.5
XP_030514269.1|Rhodamnia_argentea	LYK5_LysM2	67.500	40	13	0	139	178	4	43	4.34e-16	58.9
XP_030514269.1|Rhodamnia_argentea	LYK5_LysM3	52.273	44	20	1	199	242	2	44	6.77e-12	47.0
XP_030514269.1|Rhodamnia_argentea	CERK1_LysM2	37.209	43	27	0	135	177	3	45	5.04e-06	30.8
XP_030514269.1|Rhodamnia_argentea	CERK1_LysM3	61.538	13	5	0	205	217	7	19	0.36	17.3
XP_030514269.1|Rhodamnia_argentea	CERK1_LysM1	50.000	18	9	0	467	484	2	19	0.43	17.3
XP_030514269.1|Rhodamnia_argentea	CERK1_LysM1	29.630	27	19	0	385	411	7	33	2.2	15.4
XP_030514269.1|Rhodamnia_argentea	CERK1_LysM1	80.000	5	1	0	530	534	2	6	5.1	14.2
XP_030514269.1|Rhodamnia_argentea	CERK1_LysM1	66.667	6	2	0	428	433	2	7	7.6	13.9
XP_042507026.1|Macadamia_integrifolia	LYK5_LysM2	67.500	40	13	0	139	178	4	43	3.26e-16	59.3
XP_042507026.1|Macadamia_integrifolia	LYK5_LysM3	55.556	45	19	1	198	242	1	44	4.89e-13	50.4
XP_042507026.1|Macadamia_integrifolia	LYK5_LysM3	31.579	19	13	0	146	164	18	36	6.5	13.9
XP_042507026.1|Macadamia_integrifolia	LYK5_LysM1	48.718	39	19	1	79	116	1	39	2.15e-06	31.6
XP_042507026.1|Macadamia_integrifolia	LYK5_LysM1	36.842	19	12	0	204	222	3	21	0.64	16.5
XP_042507026.1|Macadamia_integrifolia	LYK5_LysM1	42.105	19	11	0	634	652	5	23	4.5	14.2
XP_042507026.1|Macadamia_integrifolia	CERK1_LysM2	34.783	46	29	1	132	177	1	45	1.51e-05	29.3
XP_042507026.1|Macadamia_integrifolia	CERK1_LysM2	27.586	29	21	0	488	516	7	35	3.5	14.6
XP_042507026.1|Macadamia_integrifolia	CERK1_LysM1	80.000	5	1	0	530	534	2	6	5.8	14.2
XP_043711390.1|Telopea_speciosissima	LYK5_LysM2	67.500	40	13	0	142	181	4	43	1.47e-15	57.4
XP_043711390.1|Telopea_speciosissima	LYK5_LysM2	36.000	25	16	0	445	469	17	41	1.8	15.4
XP_043711390.1|Telopea_speciosissima	LYK5_LysM3	48.889	45	22	1	201	245	1	44	1.07e-12	49.3
XP_043711390.1|Telopea_speciosissima	LYK5_LysM3	31.579	19	13	0	149	167	18	36	6.6	13.9
XP_043711390.1|Telopea_speciosissima	LYK5_LysM1	46.154	39	20	1	82	119	1	39	1.72e-06	31.6
XP_043711390.1|Telopea_speciosissima	LYK5_LysM1	35.000	20	13	0	207	226	3	22	0.83	16.2
XP_043711390.1|Telopea_speciosissima	LYK5_LysM1	42.105	19	11	0	635	653	5	23	4.2	14.2
XP_043711390.1|Telopea_speciosissima	CERK1_LysM2	34.146	41	27	0	140	180	5	45	1.35e-05	29.6
XP_043711390.1|Telopea_speciosissima	CERK1_LysM2	28.000	25	18	0	494	518	11	35	3.4	14.6
XP_043711390.1|Telopea_speciosissima	CERK1_LysM1	31.667	60	33	2	60	119	2	53	0.002	23.9
XP_043711390.1|Telopea_speciosissima	CERK1_LysM1	80.000	5	1	0	532	536	2	6	6.0	14.2
XP_010270638.1|Nelumbo_nucifera	LYK5_LysM2	67.500	40	13	0	134	173	4	43	5.41e-16	58.5
XP_010270638.1|Nelumbo_nucifera	LYK5_LysM3	44.444	45	24	1	193	237	1	44	3.74e-12	47.8
XP_010270638.1|Nelumbo_nucifera	LYK5_LysM1	35.897	39	24	1	74	111	1	39	1.05e-04	26.6
XP_010270638.1|Nelumbo_nucifera	CERK1_LysM2	33.333	39	26	0	134	172	7	45	2.63e-04	25.8
XP_010270638.1|Nelumbo_nucifera	CERK1_LysM1	50.000	8	4	0	587	594	28	35	1.5	15.8
XP_010270638.1|Nelumbo_nucifera	CERK1_LysM1	35.294	17	11	0	95	111	37	53	3.8	14.6
XP_010275837.1|Nelumbo_nucifera	LYK5_LysM2	57.500	40	17	0	129	168	4	43	5.22e-14	53.1
XP_010275837.1|Nelumbo_nucifera	LYK5_LysM3	33.333	45	29	1	188	232	1	44	5.59e-07	33.1
XP_010275837.1|Nelumbo_nucifera	CERK1_LysM2	29.545	44	30	1	122	165	1	43	7.72e-05	27.3
XP_010275837.1|Nelumbo_nucifera	LYK5_LysM1	40.000	35	20	1	73	106	5	39	0.002	23.1
XP_010275837.1|Nelumbo_nucifera	LYK5_LysM1	45.455	11	6	0	628	638	13	23	9.7	13.5
XP_010275837.1|Nelumbo_nucifera	CERK1_LysM3	32.432	37	25	0	238	274	4	40	0.024	20.4
XP_010275837.1|Nelumbo_nucifera	CERK1_LysM3	46.154	13	7	0	324	336	29	41	5.2	14.2
XP_010275837.1|Nelumbo_nucifera	CERK1_LysM3	36.000	25	16	0	65	89	3	27	8.4	13.5
XP_010275837.1|Nelumbo_nucifera	CERK1_LysM1	29.508	61	33	3	47	106	2	53	0.25	17.7
XP_010275837.1|Nelumbo_nucifera	CERK1_LysM1	50.000	18	9	0	452	469	2	19	0.36	17.3
XP_010275837.1|Nelumbo_nucifera	CERK1_LysM1	31.579	19	13	0	150	168	35	53	4.0	14.6
XP_010275837.1|Nelumbo_nucifera	CERK1_LysM1	41.176	17	10	0	313	329	32	48	5.3	14.2
XP_020109757.1|Ananas_comosus	LYK5_LysM2	51.220	41	19	1	142	182	4	43	5.09e-11	44.7
XP_020109757.1|Ananas_comosus	LYK5_LysM1	35.294	34	22	0	86	119	6	39	1.57e-04	26.2
XP_020109757.1|Ananas_comosus	CERK1_LysM1	50.000	18	9	0	490	507	2	19	0.079	19.2
XP_020109553.1|Ananas_comosus	LYK5_LysM2	51.220	41	19	1	144	184	4	43	5.08e-11	44.7
XP_020109553.1|Ananas_comosus	LYK5_LysM1	35.294	34	22	0	88	121	6	39	1.48e-04	26.6
XP_020109553.1|Ananas_comosus	CERK1_LysM1	50.000	18	9	0	495	512	2	19	0.080	19.2
KAE8782801.1|Hordeum_vulgare	LYK5_LysM2	60.976	41	15	1	203	243	4	43	1.45e-14	54.7
KAE8782801.1|Hordeum_vulgare	LYK5_LysM3	46.667	45	23	1	263	307	1	44	4.92e-10	42.0
KAE8782801.1|Hordeum_vulgare	LYK5_LysM3	55.556	9	4	0	630	638	10	18	5.8	14.2
KAE8782801.1|Hordeum_vulgare	CERK1_LysM2	40.741	27	16	0	201	227	5	31	0.002	23.9
KAE8782801.1|Hordeum_vulgare	CERK1_LysM1	38.889	18	11	0	543	560	2	19	0.62	16.9
KAE8782796.1|Hordeum_vulgare	LYK5_LysM2	57.143	42	17	1	143	184	3	43	4.96e-12	47.4
KAE8782796.1|Hordeum_vulgare	LYK5_LysM2	28.889	45	26	2	204	248	5	43	0.025	20.4
KAE8782796.1|Hordeum_vulgare	LYK5_LysM3	48.889	45	22	1	204	248	1	44	5.76e-10	41.6
KAE8782796.1|Hordeum_vulgare	CERK1_LysM2	44.000	25	14	0	144	168	7	31	0.006	22.3
KAE8782796.1|Hordeum_vulgare	LYK5_LysM1	34.286	35	22	1	87	120	5	39	0.008	21.6
KAE8782796.1|Hordeum_vulgare	CERK1_LysM1	38.889	18	11	0	488	505	2	19	0.36	17.3
XP_040376853.1|Oryza_brachyantha	LYK5_LysM2	55.814	43	18	1	145	187	2	43	5.78e-12	47.4
XP_040376853.1|Oryza_brachyantha	LYK5_LysM3	44.444	45	24	1	207	251	1	44	3.64e-09	39.3
XP_040376853.1|Oryza_brachyantha	LYK5_LysM3	44.444	9	5	0	407	415	16	24	9.4	13.5
XP_040376853.1|Oryza_brachyantha	CERK1_LysM2	34.615	26	17	0	147	172	7	32	0.025	20.4
XP_040376853.1|Oryza_brachyantha	CERK1_LysM1	38.889	18	11	0	494	511	2	19	0.34	17.7
XP_040376853.1|Oryza_brachyantha	LYK5_LysM1	30.769	39	25	1	213	251	3	39	5.5	14.2
XP_040381256.1|Oryza_brachyantha	LYK5_LysM2	59.524	42	16	1	149	190	3	43	5.13e-14	53.1
XP_040381256.1|Oryza_brachyantha	LYK5_LysM3	37.778	45	27	1	210	254	1	44	1.42e-06	32.3
XP_040381256.1|Oryza_brachyantha	CERK1_LysM2	42.308	26	15	0	149	174	6	31	7.15e-04	24.6
XP_040381256.1|Oryza_brachyantha	CERK1_LysM2	35.714	28	16	1	235	260	17	44	6.8	13.9
XP_040381256.1|Oryza_brachyantha	CERK1_LysM1	44.444	18	10	0	501	518	2	19	0.046	20.0
XP_015623069.1|Oryza_sativa_Japonica_Group	LYK5_LysM2	58.140	43	17	1	142	184	2	43	2.02e-12	48.5
XP_015623069.1|Oryza_sativa_Japonica_Group	LYK5_LysM2	28.889	45	26	2	204	248	5	43	0.36	17.3
XP_015623069.1|Oryza_sativa_Japonica_Group	LYK5_LysM2	50.000	8	4	0	319	326	30	37	7.2	13.9
XP_015623069.1|Oryza_sativa_Japonica_Group	LYK5_LysM3	42.222	45	25	1	204	248	1	44	2.31e-08	37.4
XP_015623069.1|Oryza_sativa_Japonica_Group	LYK5_LysM3	44.444	9	5	0	404	412	16	24	8.8	13.5
XP_015623069.1|Oryza_sativa_Japonica_Group	CERK1_LysM2	38.462	26	16	0	144	169	7	32	0.009	21.6
XP_015623069.1|Oryza_sativa_Japonica_Group	CERK1_LysM3	35.714	14	9	0	674	687	26	39	1.2	15.8
XP_015643312.1|Oryza_sativa_Japonica_Group	LYK5_LysM2	59.524	42	16	1	131	172	3	43	5.47e-14	53.1
XP_015643312.1|Oryza_sativa_Japonica_Group	LYK5_LysM3	37.778	45	27	1	192	236	1	44	2.17e-06	31.6
XP_015643312.1|Oryza_sativa_Japonica_Group	CERK1_LysM2	42.308	26	15	0	131	156	6	31	6.26e-04	24.6
XP_015643312.1|Oryza_sativa_Japonica_Group	CERK1_LysM2	32.258	31	16	2	212	237	9	39	9.6	13.5
XP_015643312.1|Oryza_sativa_Japonica_Group	CERK1_LysM1	44.444	18	10	0	477	494	2	19	0.15	18.5
XP_015642396.1|Oryza_sativa_Japonica_Group	LYK5_LysM2	38.095	42	23	2	128	168	4	43	2.02e-06	31.6
XP_015642396.1|Oryza_sativa_Japonica_Group	LYK5_LysM2	66.667	6	2	0	385	390	2	7	2.8	14.6
XP_015642396.1|Oryza_sativa_Japonica_Group	LYK5_LysM3	43.333	30	17	0	186	215	1	30	1.51e-05	29.3
XP_015642396.1|Oryza_sativa_Japonica_Group	LYK5_LysM3	27.586	29	21	0	60	88	2	30	0.067	19.2
XP_015642396.1|Oryza_sativa_Japonica_Group	LYK5_LysM3	34.783	23	15	0	388	410	1	23	6.3	13.9
XP_015642396.1|Oryza_sativa_Japonica_Group	CERK1_LysM2	33.333	48	27	1	122	169	1	43	3.28e-05	28.5
XP_015642396.1|Oryza_sativa_Japonica_Group	LYK5_LysM1	28.571	35	25	0	70	104	5	39	1.93e-04	25.8
XP_015642396.1|Oryza_sativa_Japonica_Group	CERK1_LysM1	41.176	17	10	0	435	451	2	18	0.31	17.7
XP_015642396.1|Oryza_sativa_Japonica_Group	CERK1_LysM3	83.333	6	1	0	448	453	31	36	2.3	15.0
XP_025812004.1|Panicum_hallii	LYK5_LysM2	58.537	41	16	1	140	180	4	43	8.87e-12	47.0
XP_025812004.1|Panicum_hallii	LYK5_LysM3	35.556	45	28	1	200	244	1	44	6.63e-07	33.1
XP_025812004.1|Panicum_hallii	CERK1_LysM2	42.857	28	16	0	138	165	5	32	0.002	23.5
XP_025812004.1|Panicum_hallii	CERK1_LysM2	29.032	31	22	0	217	247	11	41	4.3	14.6
XP_025812004.1|Panicum_hallii	CERK1_LysM1	44.444	18	10	0	488	505	2	19	0.092	19.2
XP_025812004.1|Panicum_hallii	LYK5_LysM1	29.412	34	23	1	84	116	6	39	0.20	17.7
XP_025812004.1|Panicum_hallii	LYK5_LysM1	30.303	33	23	0	211	243	5	37	0.64	16.5
PWZ28177.1|Zea_mays	LYK5_LysM2	56.098	41	17	1	139	179	4	43	1.10e-11	46.6
PWZ28177.1|Zea_mays	LYK5_LysM3	42.222	45	25	1	199	243	1	44	1.80e-08	37.4
PWZ28177.1|Zea_mays	LYK5_LysM1	38.462	39	23	1	78	115	1	39	3.37e-04	25.4
PWZ28177.1|Zea_mays	CERK1_LysM2	42.857	28	16	0	137	164	5	32	4.28e-04	25.4
PWZ28177.1|Zea_mays	CERK1_LysM2	54.545	11	5	0	236	246	31	41	5.6	14.2
PWZ28177.1|Zea_mays	CERK1_LysM1	38.889	18	11	0	486	503	2	19	0.33	17.7
XP_020164009.2|Aegilops_tauschii_subsp_strangulata	LYK5_LysM2	64.706	17	6	0	143	159	3	19	2.24e-04	25.8
XP_020164009.2|Aegilops_tauschii_subsp_strangulata	LYK5_LysM1	34.286	35	22	1	87	120	5	39	0.008	21.2
XP_020164009.2|Aegilops_tauschii_subsp_strangulata	CERK1_LysM1	28.571	21	15	0	90	110	2	22	0.82	16.2
XP_020164009.2|Aegilops_tauschii_subsp_strangulata	CERK1_LysM1	33.333	18	12	0	363	380	2	19	1.4	15.8
XP_020164009.2|Aegilops_tauschii_subsp_strangulata	CERK1_LysM2	43.750	16	9	0	144	159	7	22	6.6	13.9
XP_020150460.2|Aegilops_tauschii_subsp_strangulata	LYK5_LysM2	54.762	42	18	1	143	184	3	43	8.77e-12	47.0
XP_020150460.2|Aegilops_tauschii_subsp_strangulata	LYK5_LysM3	46.667	45	23	1	204	248	1	44	3.07e-09	39.7
XP_020150460.2|Aegilops_tauschii_subsp_strangulata	CERK1_LysM2	44.000	25	14	0	144	168	7	31	0.013	21.2
XP_020150460.2|Aegilops_tauschii_subsp_strangulata	CERK1_LysM2	42.857	21	9	1	232	249	19	39	6.0	14.2
XP_020150460.2|Aegilops_tauschii_subsp_strangulata	LYK5_LysM1	34.286	35	22	1	87	120	5	39	0.013	21.2
XP_020150460.2|Aegilops_tauschii_subsp_strangulata	CERK1_LysM1	33.333	21	14	0	90	110	2	22	0.15	18.5
XP_020150460.2|Aegilops_tauschii_subsp_strangulata	CERK1_LysM1	33.333	18	12	0	488	505	2	19	1.8	15.4
XP_020185086.2|Aegilops_tauschii_subsp_strangulata	LYK5_LysM2	60.000	40	16	0	271	310	4	43	5.05e-14	53.1
XP_020185086.2|Aegilops_tauschii_subsp_strangulata	LYK5_LysM1	41.667	36	20	1	214	249	5	39	2.23e-04	26.2
XP_020185086.2|Aegilops_tauschii_subsp_strangulata	CERK1_LysM2	34.211	38	24	1	264	301	1	37	0.002	23.5
XP_020185086.2|Aegilops_tauschii_subsp_strangulata	CERK1_LysM1	44.444	18	10	0	593	610	2	19	0.19	18.5
XP_020187858.1|Aegilops_tauschii_subsp_strangulata	LYK5_LysM2	60.976	41	15	1	149	189	4	43	9.22e-14	52.4
XP_020187858.1|Aegilops_tauschii_subsp_strangulata	LYK5_LysM3	33.333	45	29	1	209	253	1	44	1.39e-05	29.3
XP_020187858.1|Aegilops_tauschii_subsp_strangulata	LYK5_LysM1	31.429	35	23	1	92	125	5	39	4.04e-04	25.0
XP_020187858.1|Aegilops_tauschii_subsp_strangulata	LYK5_LysM1	55.556	9	4	0	258	266	31	39	0.49	16.9
XP_020187858.1|Aegilops_tauschii_subsp_strangulata	CERK1_LysM2	36.000	25	16	0	149	173	7	31	0.003	23.1
XP_020187858.1|Aegilops_tauschii_subsp_strangulata	CERK1_LysM1	33.333	18	12	0	489	506	2	19	3.6	14.6
XP_020169341.2|Aegilops_tauschii_subsp_strangulata	LYK5_LysM2	60.976	41	15	1	137	177	4	43	1.28e-14	54.7
XP_020169341.2|Aegilops_tauschii_subsp_strangulata	LYK5_LysM3	46.667	45	23	1	197	241	1	44	2.41e-10	42.7
XP_020169341.2|Aegilops_tauschii_subsp_strangulata	LYK5_LysM3	50.000	8	4	0	394	401	17	24	9.7	13.5
XP_020169341.2|Aegilops_tauschii_subsp_strangulata	CERK1_LysM2	40.741	27	16	0	135	161	5	31	0.001	23.9
XP_020169341.2|Aegilops_tauschii_subsp_strangulata	CERK1_LysM2	34.286	35	15	1	208	242	13	39	1.6	15.4
XP_020169341.2|Aegilops_tauschii_subsp_strangulata	CERK1_LysM1	38.889	18	11	0	477	494	2	19	0.55	16.9
XP_037487189.1|Triticum_dicoccoides	LYK5_LysM2	58.537	41	16	1	161	201	4	43	4.53e-13	50.4
XP_037487189.1|Triticum_dicoccoides	LYK5_LysM3	33.333	45	29	1	221	265	1	44	8.07e-06	30.0
XP_037487189.1|Triticum_dicoccoides	LYK5_LysM1	28.571	35	24	1	104	137	5	39	0.004	22.7
XP_037487189.1|Triticum_dicoccoides	CERK1_LysM2	32.000	25	17	0	161	185	7	31	0.010	21.6
XP_037487189.1|Triticum_dicoccoides	CERK1_LysM1	38.889	18	11	0	504	521	2	19	0.42	17.3
XP_037461922.1|Triticum_dicoccoides	LYK5_LysM2	60.976	41	16	0	129	169	3	43	5.79e-16	58.5
XP_037461922.1|Triticum_dicoccoides	CERK1_LysM2	32.500	40	27	0	129	168	6	45	9.59e-05	26.9
XP_037461922.1|Triticum_dicoccoides	LYK5_LysM3	31.111	45	30	1	189	233	1	44	1.15e-04	26.9
XP_037461922.1|Triticum_dicoccoides	LYK5_LysM1	41.667	36	20	1	73	108	5	39	0.001	23.5
XP_037461922.1|Triticum_dicoccoides	CERK1_LysM1	44.444	18	10	0	456	473	2	19	0.16	18.5
XP_037419289.1|Triticum_dicoccoides	LYK5_LysM2	58.140	43	17	1	127	169	2	43	4.95e-14	53.1
XP_037419289.1|Triticum_dicoccoides	LYK5_LysM1	44.444	36	19	1	72	107	5	39	8.16e-05	26.9
XP_037419289.1|Triticum_dicoccoides	CERK1_LysM2	31.250	32	21	1	122	153	1	31	0.004	22.7
XP_037419289.1|Triticum_dicoccoides	CERK1_LysM2	33.333	15	10	0	630	644	31	45	4.6	14.2
XP_037419289.1|Triticum_dicoccoides	CERK1_LysM1	44.444	18	10	0	456	473	2	19	0.026	20.4
XP_037451244.1|Triticum_dicoccoides	LYK5_LysM2	60.976	41	15	1	137	177	4	43	1.51e-14	54.7
XP_037451244.1|Triticum_dicoccoides	LYK5_LysM3	46.667	45	23	1	197	241	1	44	1.71e-10	43.1
XP_037451244.1|Triticum_dicoccoides	LYK5_LysM3	36.364	22	13	1	76	96	7	28	0.75	16.5
XP_037451244.1|Triticum_dicoccoides	CERK1_LysM2	40.741	27	16	0	135	161	5	31	0.001	23.9
XP_037451244.1|Triticum_dicoccoides	CERK1_LysM2	32.432	37	17	1	208	244	13	41	1.5	15.8
XP_037451244.1|Triticum_dicoccoides	CERK1_LysM1	38.889	18	11	0	476	493	2	19	0.55	16.9
XP_037451244.1|Triticum_dicoccoides	CERK1_LysM3	38.462	13	8	0	330	342	7	19	7.5	13.9
XP_037454515.1|Triticum_dicoccoides	LYK5_LysM2	54.762	42	18	1	143	184	3	43	8.85e-12	47.0
XP_037454515.1|Triticum_dicoccoides	LYK5_LysM3	46.667	45	23	1	204	248	1	44	1.97e-09	40.0
XP_037454515.1|Triticum_dicoccoides	CERK1_LysM2	44.000	25	14	0	144	168	7	31	0.014	21.2
XP_037454515.1|Triticum_dicoccoides	CERK1_LysM2	39.130	23	11	1	232	251	19	41	6.3	13.9
XP_037454515.1|Triticum_dicoccoides	LYK5_LysM1	37.143	35	21	1	87	120	5	39	0.047	19.6
XP_037454515.1|Triticum_dicoccoides	CERK1_LysM1	33.333	18	12	0	488	505	2	19	1.9	15.4
KAG1326821.1|Cocos_nucifera	LYK5_LysM2	60.000	40	16	0	109	148	4	43	1.90e-14	54.3
KAG1326821.1|Cocos_nucifera	LYK5_LysM3	42.222	45	25	1	168	212	1	44	2.42e-09	39.7
KAG1326821.1|Cocos_nucifera	LYK5_LysM1	41.176	34	19	1	54	86	6	39	1.09e-05	29.3
KAG1326821.1|Cocos_nucifera	LYK5_LysM1	29.412	34	24	0	178	211	4	37	0.011	21.2
KAG1326821.1|Cocos_nucifera	CERK1_LysM2	29.268	41	29	0	105	145	3	43	1.55e-04	26.6
KAG1326821.1|Cocos_nucifera	CERK1_LysM1	44.444	18	10	0	426	443	2	19	0.56	16.9
KAG1326821.1|Cocos_nucifera	CERK1_LysM1	47.059	17	9	0	63	79	36	52	1.5	15.8
KAG1326821.1|Cocos_nucifera	CERK1_LysM3	46.154	13	7	0	601	613	26	38	2.4	15.0
XP_010913816.1|Elaeis_guineensis	LYK5_LysM2	60.000	40	16	0	132	171	4	43	1.19e-14	54.7
XP_010913816.1|Elaeis_guineensis	LYK5_LysM3	44.444	45	24	1	191	235	1	44	8.76e-10	41.2
XP_010913816.1|Elaeis_guineensis	LYK5_LysM1	41.176	34	19	1	77	109	6	39	2.85e-05	28.5
XP_010913816.1|Elaeis_guineensis	LYK5_LysM1	29.412	34	24	0	201	234	4	37	0.023	20.4
XP_010913816.1|Elaeis_guineensis	CERK1_LysM2	32.432	37	25	0	132	168	7	43	2.30e-04	26.2
XP_010913816.1|Elaeis_guineensis	CERK1_LysM1	50.000	18	9	0	449	466	2	19	0.33	17.7
XP_010913817.1|Elaeis_guineensis	LYK5_LysM2	56.098	41	18	0	131	171	3	43	6.19e-14	52.8
XP_010913817.1|Elaeis_guineensis	CERK1_LysM2	34.884	43	28	0	126	168	1	43	8.17e-07	32.7
XP_010913817.1|Elaeis_guineensis	LYK5_LysM1	41.176	34	20	0	77	110	6	39	7.54e-05	26.9
XP_010913817.1|Elaeis_guineensis	LYK5_LysM1	26.471	34	25	0	201	234	4	37	0.13	18.1
XP_010913817.1|Elaeis_guineensis	CERK1_LysM1	44.444	18	10	0	449	466	2	19	0.53	16.9
XP_038984152.1|Phoenix_dactylifera	LYK5_LysM2	58.140	43	18	0	127	169	1	43	4.01e-14	53.1
XP_038984152.1|Phoenix_dactylifera	LYK5_LysM3	44.444	45	24	1	189	233	1	44	2.32e-10	42.7
XP_038984152.1|Phoenix_dactylifera	CERK1_LysM2	37.778	45	28	0	124	168	1	45	3.46e-08	36.6
XP_038984152.1|Phoenix_dactylifera	LYK5_LysM1	38.235	34	20	1	76	108	6	39	1.33e-05	29.3
XP_038984152.1|Phoenix_dactylifera	LYK5_LysM1	25.926	27	20	0	196	222	1	27	0.11	18.5
XP_038984152.1|Phoenix_dactylifera	CERK1_LysM1	38.889	18	11	0	448	465	2	19	1.4	15.8
XP_038984152.1|Phoenix_dactylifera	CERK1_LysM1	41.176	17	10	0	85	101	36	52	2.8	15.0
XP_038984149.1|Phoenix_dactylifera	LYK5_LysM2	53.488	43	20	0	128	170	1	43	7.46e-14	52.8
XP_038984149.1|Phoenix_dactylifera	LYK5_LysM3	45.455	44	23	1	191	234	2	44	1.75e-10	43.1
XP_038984149.1|Phoenix_dactylifera	CERK1_LysM2	35.556	45	29	0	125	169	1	45	2.07e-07	34.7
XP_038984149.1|Phoenix_dactylifera	LYK5_LysM1	35.294	34	21	1	77	109	6	39	1.06e-04	26.6
XP_038984149.1|Phoenix_dactylifera	LYK5_LysM1	27.027	37	27	0	197	233	1	37	0.014	20.8
XP_038984149.1|Phoenix_dactylifera	CERK1_LysM1	44.444	18	10	0	449	466	2	19	0.29	17.7
RWW44345.1|Ensete_ventricosum	LYK5_LysM2	66.667	39	13	0	131	169	5	43	3.65e-15	56.2
RWW44345.1|Ensete_ventricosum	LYK5_LysM2	35.000	20	13	0	41	60	10	29	2.8	15.0
RWW44345.1|Ensete_ventricosum	LYK5_LysM3	37.778	45	27	1	189	233	1	44	1.11e-07	35.4
RWW44345.1|Ensete_ventricosum	CERK1_LysM2	37.778	45	26	1	124	166	1	45	1.76e-05	29.3
RWW44345.1|Ensete_ventricosum	CERK1_LysM1	44.444	18	10	0	471	488	2	19	0.14	18.5
XP_009395847.1|Musa_acuminata_subspmalaccensis	LYK5_LysM2	65.000	40	14	0	130	169	4	43	2.14e-15	57.0
XP_009395847.1|Musa_acuminata_subspmalaccensis	LYK5_LysM3	37.778	45	27	1	189	233	1	44	1.34e-07	35.0
XP_009395847.1|Musa_acuminata_subspmalaccensis	CERK1_LysM2	40.000	45	25	1	124	166	1	45	3.47e-06	31.2
XP_009395847.1|Musa_acuminata_subspmalaccensis	CERK1_LysM1	38.889	18	11	0	469	486	2	19	0.43	17.3
XP_009395847.1|Musa_acuminata_subspmalaccensis	CERK1_LysM1	28.571	35	24	1	200	233	19	53	3.9	14.6
PKA56570.1|Apostasia_shenzhenica	LYK5_LysM2	55.000	40	18	0	126	165	4	43	5.69e-14	53.1
PKA56570.1|Apostasia_shenzhenica	LYK5_LysM2	83.333	6	1	0	504	509	30	35	3.8	14.6
PKA56570.1|Apostasia_shenzhenica	LYK5_LysM3	42.222	45	25	1	185	229	1	44	8.14e-08	35.4
PKA56570.1|Apostasia_shenzhenica	LYK5_LysM3	44.444	9	5	0	369	377	16	24	7.5	13.9
PKA56570.1|Apostasia_shenzhenica	LYK5_LysM1	41.176	34	19	1	71	103	6	39	1.04e-04	26.9
PKA56570.1|Apostasia_shenzhenica	CERK1_LysM1	44.444	18	10	0	460	477	2	19	0.30	17.7
PKA56570.1|Apostasia_shenzhenica	CERK1_LysM2	27.586	29	18	1	203	231	15	40	8.0	13.9
PKA52841.1|Apostasia_shenzhenica	LYK5_LysM2	55.000	40	18	0	135	174	4	43	7.52e-13	49.7
PKA52841.1|Apostasia_shenzhenica	LYK5_LysM3	33.333	45	29	1	194	238	1	44	2.48e-06	31.6
PKA52841.1|Apostasia_shenzhenica	CERK1_LysM2	32.258	31	21	0	135	165	7	37	0.005	22.3
XP_020677521.1|Dendrobium_catenatum	LYK5_LysM2	57.500	40	17	0	133	172	4	43	4.83e-14	53.1
XP_020677521.1|Dendrobium_catenatum	LYK5_LysM3	33.333	45	29	1	192	236	1	44	3.45e-07	33.9
XP_020677521.1|Dendrobium_catenatum	LYK5_LysM1	38.235	34	20	1	78	110	6	39	0.003	22.7
XP_020677521.1|Dendrobium_catenatum	CERK1_LysM1	44.444	18	10	0	462	479	2	19	0.17	18.5
XP_020677521.1|Dendrobium_catenatum	CERK1_LysM1	37.500	16	10	0	441	456	35	50	7.7	13.9
XP_020677521.1|Dendrobium_catenatum	CERK1_LysM2	23.913	46	29	2	193	238	1	40	4.8	14.2
XP_039134376.1|Dioscorea_cayenensis_subsp_rotundata	LYK5_LysM2	53.659	41	18	1	166	206	4	43	1.17e-10	43.5
XP_039134376.1|Dioscorea_cayenensis_subsp_rotundata	LYK5_LysM3	37.778	45	27	1	226	270	1	44	3.52e-07	33.9
XP_039134376.1|Dioscorea_cayenensis_subsp_rotundata	CERK1_LysM2	39.474	38	22	1	160	197	1	37	7.87e-06	30.0
XP_039134376.1|Dioscorea_cayenensis_subsp_rotundata	LYK5_LysM1	36.364	33	21	0	237	269	5	37	0.001	23.9
XP_039134376.1|Dioscorea_cayenensis_subsp_rotundata	LYK5_LysM1	28.125	32	23	0	112	143	6	37	0.011	21.2
XP_039134376.1|Dioscorea_cayenensis_subsp_rotundata	CERK1_LysM3	33.333	48	25	3	160	206	1	42	0.28	17.7
XP_039134376.1|Dioscorea_cayenensis_subsp_rotundata	CERK1_LysM1	57.143	7	3	0	138	144	47	53	6.5	14.2
XP_042988561.1|Carya_illinoinensis	LYK5_LysM2	74.419	43	10	1	130	171	1	43	1.56e-18	65.9
XP_042988561.1|Carya_illinoinensis	LYK5_LysM3	42.222	45	25	1	191	235	1	44	8.42e-11	43.9
XP_042988561.1|Carya_illinoinensis	CERK1_LysM2	33.333	39	26	0	132	170	7	45	3.12e-04	25.8
XP_042988561.1|Carya_illinoinensis	CERK1_LysM2	42.857	14	8	0	481	494	11	24	1.3	15.8
XP_042988561.1|Carya_illinoinensis	LYK5_LysM1	33.333	39	25	1	72	109	1	39	0.13	18.1
XP_042988561.1|Carya_illinoinensis	LYK5_LysM1	21.053	38	27	1	197	234	3	37	0.71	16.2
XP_042988561.1|Carya_illinoinensis	CERK1_LysM1	35.294	17	11	0	93	109	37	53	0.67	16.5
XP_042988561.1|Carya_illinoinensis	CERK1_LysM1	38.889	18	11	0	455	472	2	19	5.0	14.2
XP_042988561.1|Carya_illinoinensis	CERK1_LysM1	80.000	5	1	0	518	522	2	6	5.4	14.2
XP_042988561.1|Carya_illinoinensis	CERK1_LysM1	25.926	27	20	0	373	399	7	33	6.5	13.9
XP_042991128.1|Carya_illinoinensis	LYK5_LysM2	65.000	40	14	0	134	173	4	43	2.51e-14	53.9
XP_042991128.1|Carya_illinoinensis	LYK5_LysM3	44.444	45	24	1	193	237	1	44	8.52e-11	43.9
XP_042991128.1|Carya_illinoinensis	CERK1_LysM2	33.333	39	26	0	134	172	7	45	1.12e-04	26.9
XP_042991128.1|Carya_illinoinensis	CERK1_LysM2	33.333	18	12	0	485	502	7	24	2.5	15.0
XP_042991128.1|Carya_illinoinensis	LYK5_LysM1	28.205	39	27	1	73	110	1	39	0.12	18.5
XP_042991128.1|Carya_illinoinensis	CERK1_LysM1	38.889	18	11	0	463	480	2	19	3.3	15.0
XP_042991128.1|Carya_illinoinensis	CERK1_LysM1	80.000	5	1	0	526	530	2	6	5.1	14.2
XP_042991128.1|Carya_illinoinensis	CERK1_LysM1	22.222	27	21	0	381	407	7	33	7.2	13.9
XP_041017675.1|Juglans_microcarpa_x_Juglans_regia	LYK5_LysM2	74.419	43	11	0	129	171	1	43	2.18e-19	68.2
XP_041017675.1|Juglans_microcarpa_x_Juglans_regia	LYK5_LysM3	44.444	45	24	1	191	235	1	44	5.18e-11	44.7
XP_041017675.1|Juglans_microcarpa_x_Juglans_regia	CERK1_LysM2	33.333	42	28	0	129	170	4	45	7.60e-06	30.0
XP_041017675.1|Juglans_microcarpa_x_Juglans_regia	CERK1_LysM2	42.857	14	8	0	484	497	11	24	0.67	16.5
XP_041017675.1|Juglans_microcarpa_x_Juglans_regia	LYK5_LysM1	20.513	39	28	1	196	234	2	37	0.88	16.2
XP_041017675.1|Juglans_microcarpa_x_Juglans_regia	CERK1_LysM1	21.429	42	31	1	324	363	4	45	2.1	15.4
XP_041017675.1|Juglans_microcarpa_x_Juglans_regia	CERK1_LysM1	38.889	18	11	0	458	475	2	19	3.7	14.6
XP_041017675.1|Juglans_microcarpa_x_Juglans_regia	CERK1_LysM1	80.000	5	1	0	521	525	2	6	5.3	14.2
XP_041017675.1|Juglans_microcarpa_x_Juglans_regia	CERK1_LysM1	25.926	27	20	0	376	402	7	33	8.9	13.5
XP_018843092.1|Juglans_regia	LYK5_LysM2	69.767	43	13	0	129	171	1	43	5.01e-18	64.3
XP_018843092.1|Juglans_regia	LYK5_LysM3	44.444	45	24	1	191	235	1	44	1.18e-11	46.6
XP_018843092.1|Juglans_regia	CERK1_LysM2	35.714	42	27	0	129	170	4	45	2.00e-06	31.6
XP_018843092.1|Juglans_regia	CERK1_LysM2	42.857	14	8	0	484	497	11	24	0.70	16.5
XP_018843092.1|Juglans_regia	CERK1_LysM1	35.294	17	11	0	93	109	37	53	0.44	17.3
XP_018843092.1|Juglans_regia	CERK1_LysM1	29.630	27	19	0	376	402	7	33	3.2	15.0
XP_018843092.1|Juglans_regia	CERK1_LysM1	38.889	18	11	0	458	475	2	19	4.1	14.6
XP_018843092.1|Juglans_regia	CERK1_LysM1	80.000	5	1	0	521	525	2	6	5.6	14.2
XP_018843092.1|Juglans_regia	LYK5_LysM1	22.222	18	14	0	197	214	3	20	1.0	15.8
XP_030951100.1|Quercus_lobata	LYK5_LysM2	67.500	40	13	0	134	173	4	43	3.03e-17	62.4
XP_030951100.1|Quercus_lobata	LYK5_LysM3	44.444	45	24	1	193	237	1	44	6.25e-11	44.3
XP_030951100.1|Quercus_lobata	LYK5_LysM3	25.000	36	27	0	554	589	7	42	0.40	16.9
XP_030951100.1|Quercus_lobata	LYK5_LysM1	41.026	39	22	1	74	111	1	39	1.49e-04	26.2
XP_030951100.1|Quercus_lobata	CERK1_LysM2	30.769	39	27	0	134	172	7	45	2.84e-04	25.8
XP_030951100.1|Quercus_lobata	CERK1_LysM2	50.000	10	5	0	93	102	14	23	2.4	15.0
XP_030951100.1|Quercus_lobata	CERK1_LysM2	35.714	14	9	0	486	499	11	24	4.6	14.2
XP_030951100.1|Quercus_lobata	CERK1_LysM1	38.889	18	11	0	460	477	2	19	1.3	15.8
XP_030951100.1|Quercus_lobata	CERK1_LysM1	35.714	14	9	0	421	434	2	15	2.3	15.4
XP_030951100.1|Quercus_lobata	CERK1_LysM1	80.000	5	1	0	523	527	2	6	5.5	14.2
XP_030951100.1|Quercus_lobata	CERK1_LysM1	66.667	6	2	0	586	591	29	34	9.3	13.5
XP_023912979.1|Quercus_suber	LYK5_LysM2	67.500	40	13	0	134	173	4	43	2.88e-17	62.4
XP_023912979.1|Quercus_suber	LYK5_LysM3	44.444	45	24	1	193	237	1	44	9.54e-11	43.9
XP_023912979.1|Quercus_suber	LYK5_LysM3	25.000	36	27	0	554	589	7	42	0.37	17.3
XP_023912979.1|Quercus_suber	LYK5_LysM1	41.026	39	22	1	74	111	1	39	2.31e-04	25.8
XP_023912979.1|Quercus_suber	CERK1_LysM2	29.730	37	26	0	134	170	7	43	0.001	24.3
XP_023912979.1|Quercus_suber	CERK1_LysM2	50.000	10	5	0	93	102	14	23	2.4	15.0
XP_023912979.1|Quercus_suber	CERK1_LysM2	35.714	14	9	0	486	499	11	24	4.5	14.2
XP_023912979.1|Quercus_suber	CERK1_LysM1	38.889	18	11	0	460	477	2	19	1.2	16.2
XP_023912979.1|Quercus_suber	CERK1_LysM1	35.714	14	9	0	421	434	2	15	2.3	15.4
XP_023912979.1|Quercus_suber	CERK1_LysM1	80.000	5	1	0	523	527	2	6	5.4	14.2
XP_023912979.1|Quercus_suber	CERK1_LysM1	66.667	6	2	0	586	591	29	34	8.9	13.5
XP_034677033.1|Vitis_riparia	LYK5_LysM2	62.500	40	15	0	170	209	4	43	1.17e-14	55.1
XP_034677033.1|Vitis_riparia	LYK5_LysM2	28.571	42	27	2	235	274	3	43	0.76	16.2
XP_034677033.1|Vitis_riparia	LYK5_LysM3	39.130	46	26	2	229	274	1	44	2.45e-07	34.3
XP_034677033.1|Vitis_riparia	LYK5_LysM3	39.474	38	22	1	110	147	8	44	0.009	21.6
XP_034677033.1|Vitis_riparia	CERK1_LysM2	35.897	39	25	0	170	208	7	45	1.21e-05	29.6
XP_034677033.1|Vitis_riparia	LYK5_LysM1	33.333	39	25	1	110	147	1	39	0.002	23.1
XP_034677033.1|Vitis_riparia	LYK5_LysM1	30.000	40	23	2	236	273	1	37	1.5	15.4
XP_034677033.1|Vitis_riparia	CERK1_LysM3	62.500	8	3	0	81	88	31	38	1.9	15.4
XP_034677033.1|Vitis_riparia	CERK1_LysM1	38.889	18	11	0	497	514	2	19	4.8	14.6
XP_034677033.1|Vitis_riparia	CERK1_LysM1	80.000	5	1	0	562	566	2	6	6.8	13.9
XP_034677034.1|Vitis_riparia	LYK5_LysM2	55.000	40	18	0	148	187	4	43	1.98e-13	51.6
XP_034677034.1|Vitis_riparia	LYK5_LysM2	26.316	38	27	1	215	251	6	43	0.28	17.3
XP_034677034.1|Vitis_riparia	LYK5_LysM3	53.333	45	20	1	207	251	1	44	5.98e-11	44.3
XP_034677034.1|Vitis_riparia	LYK5_LysM1	30.769	39	26	1	88	125	1	39	1.90e-04	26.2
XP_034677034.1|Vitis_riparia	CERK1_LysM2	33.333	39	26	0	148	186	7	45	2.01e-04	26.2
XP_034677034.1|Vitis_riparia	CERK1_LysM1	28.571	56	34	1	472	527	2	51	0.044	20.0
XP_034677034.1|Vitis_riparia	CERK1_LysM1	17.778	45	37	0	334	378	1	45	0.28	17.7
XP_034677034.1|Vitis_riparia	CERK1_LysM1	80.000	5	1	0	537	541	2	6	4.5	14.6
XP_034677034.1|Vitis_riparia	CERK1_LysM1	66.667	6	2	0	434	439	2	7	8.6	13.9
XP_002277331.3|Vitis_vinifera	LYK5_LysM2	62.500	40	15	0	170	209	4	43	1.23e-14	55.1
XP_002277331.3|Vitis_vinifera	LYK5_LysM3	41.304	46	25	2	229	274	1	44	2.39e-08	37.4
XP_002277331.3|Vitis_vinifera	LYK5_LysM3	39.474	38	22	1	110	147	8	44	0.008	21.6
XP_002277331.3|Vitis_vinifera	CERK1_LysM2	35.897	39	25	0	170	208	7	45	7.80e-06	30.0
XP_002277331.3|Vitis_vinifera	LYK5_LysM1	33.333	39	25	1	110	147	1	39	0.002	23.1
XP_002277331.3|Vitis_vinifera	LYK5_LysM1	35.000	40	21	2	236	273	1	37	0.021	20.4
XP_002277331.3|Vitis_vinifera	CERK1_LysM3	62.500	8	3	0	81	88	31	38	1.9	15.4
XP_002277331.3|Vitis_vinifera	CERK1_LysM1	38.889	18	11	0	497	514	2	19	4.8	14.6
XP_002277331.3|Vitis_vinifera	CERK1_LysM1	80.000	5	1	0	562	566	2	6	6.8	13.9
KAH9694132.1|Citrus_sinensis	LYK5_LysM2	70.000	40	12	0	137	176	4	43	3.26e-16	59.3
KAH9694132.1|Citrus_sinensis	LYK5_LysM3	48.889	45	22	1	196	240	1	44	1.34e-12	49.3
KAH9694132.1|Citrus_sinensis	LYK5_LysM3	83.333	6	1	0	105	110	39	44	0.79	16.2
KAH9694132.1|Citrus_sinensis	LYK5_LysM3	31.818	22	15	0	572	593	7	28	1.6	15.4
KAH9694132.1|Citrus_sinensis	LYK5_LysM3	83.333	6	1	0	314	319	39	44	2.0	15.4
KAH9694132.1|Citrus_sinensis	CERK1_LysM2	33.333	39	26	0	137	175	7	45	2.18e-04	26.2
KAH9694132.1|Citrus_sinensis	LYK5_LysM1	37.500	40	24	1	71	110	1	39	0.051	19.2
KAH9694132.1|Citrus_sinensis	CERK1_LysM1	80.000	5	1	0	541	545	2	6	5.1	14.2
KAH9694132.1|Citrus_sinensis	CERK1_LysM1	33.333	18	12	0	474	491	2	19	7.4	13.9
KAH9694132.1|Citrus_sinensis	CERK1_LysM1	25.926	27	20	0	392	418	7	33	8.5	13.9
KAH9711579.1|Citrus_sinensis	LYK5_LysM2	55.000	40	18	0	100	139	4	43	3.33e-13	50.8
KAH9711579.1|Citrus_sinensis	LYK5_LysM3	41.304	46	25	1	159	204	1	44	1.13e-08	37.7
KAH9711579.1|Citrus_sinensis	CERK1_LysM3	34.783	23	15	0	37	59	5	27	1.6	15.4
KAH9711579.1|Citrus_sinensis	CERK1_LysM2	50.000	10	5	0	197	206	31	40	6.8	13.9
KAH9711579.1|Citrus_sinensis	LYK5_LysM1	31.579	19	13	0	293	311	19	37	7.8	13.5
XP_006435494.1|Citrus_clementina	LYK5_LysM2	70.000	40	12	0	137	176	4	43	3.26e-16	59.3
XP_006435494.1|Citrus_clementina	LYK5_LysM3	48.889	45	22	1	196	240	1	44	1.34e-12	49.3
XP_006435494.1|Citrus_clementina	LYK5_LysM3	83.333	6	1	0	105	110	39	44	0.79	16.2
XP_006435494.1|Citrus_clementina	LYK5_LysM3	31.818	22	15	0	572	593	7	28	1.6	15.4
XP_006435494.1|Citrus_clementina	LYK5_LysM3	83.333	6	1	0	314	319	39	44	2.0	15.4
XP_006435494.1|Citrus_clementina	CERK1_LysM2	33.333	39	26	0	137	175	7	45	2.18e-04	26.2
XP_006435494.1|Citrus_clementina	LYK5_LysM1	37.500	40	24	1	71	110	1	39	0.051	19.2
XP_006435494.1|Citrus_clementina	CERK1_LysM1	80.000	5	1	0	541	545	2	6	5.1	14.2
XP_006435494.1|Citrus_clementina	CERK1_LysM1	33.333	18	12	0	474	491	2	19	7.4	13.9
XP_006435494.1|Citrus_clementina	CERK1_LysM1	25.926	27	20	0	392	418	7	33	8.5	13.9
XP_024036693.1|Citrus_clementina	LYK5_LysM2	56.410	39	17	0	131	169	5	43	5.49e-13	50.1
XP_024036693.1|Citrus_clementina	LYK5_LysM3	41.304	46	25	1	189	234	1	44	1.15e-08	38.1
XP_024036693.1|Citrus_clementina	LYK5_LysM1	25.641	39	29	0	69	107	1	39	0.004	22.3
XP_024036693.1|Citrus_clementina	LYK5_LysM1	31.579	19	13	0	323	341	19	37	6.8	13.9
XP_024036693.1|Citrus_clementina	CERK1_LysM3	34.783	23	15	0	67	89	5	27	1.7	15.4
XP_024036693.1|Citrus_clementina	CERK1_LysM2	50.000	10	5	0	227	236	31	40	6.3	13.9
XP_021671711.1|Hevea_brasiliensis	LYK5_LysM2	70.000	40	12	0	176	215	4	43	1.43e-16	60.5
XP_021671711.1|Hevea_brasiliensis	LYK5_LysM3	51.111	45	21	1	235	279	1	44	2.78e-12	48.1
XP_021671711.1|Hevea_brasiliensis	LYK5_LysM3	38.462	13	8	0	481	493	30	42	6.5	13.9
XP_021671711.1|Hevea_brasiliensis	LYK5_LysM1	48.718	39	20	0	114	152	1	39	7.58e-07	32.7
XP_021671711.1|Hevea_brasiliensis	CERK1_LysM2	30.769	39	27	0	176	214	7	45	3.39e-04	25.8
XP_021671711.1|Hevea_brasiliensis	CERK1_LysM3	75.000	8	2	0	242	249	7	14	1.6	15.4
XP_021671711.1|Hevea_brasiliensis	CERK1_LysM1	44.444	18	10	0	511	528	2	19	2.6	15.0
XP_021671711.1|Hevea_brasiliensis	CERK1_LysM1	80.000	5	1	0	574	578	2	6	6.4	14.2
XP_021652803.1|Hevea_brasiliensis	LYK5_LysM2	63.415	41	15	0	148	188	3	43	2.18e-15	57.0
XP_021652803.1|Hevea_brasiliensis	LYK5_LysM3	44.444	45	24	1	208	252	1	44	6.20e-12	47.4
XP_021652803.1|Hevea_brasiliensis	LYK5_LysM1	34.146	41	25	1	85	125	1	39	1.92e-04	26.2
XP_021652803.1|Hevea_brasiliensis	CERK1_LysM2	26.829	41	30	0	147	187	5	45	0.002	23.5
XP_021652803.1|Hevea_brasiliensis	CERK1_LysM1	50.000	18	9	0	464	481	2	19	0.017	21.2
XP_021652803.1|Hevea_brasiliensis	CERK1_LysM1	100.000	5	0	0	527	531	2	6	2.0	15.4
XP_021652803.1|Hevea_brasiliensis	CERK1_LysM1	66.667	6	2	0	424	429	2	7	4.0	14.6
XP_012073533.1|Jatropha_curcas	LYK5_LysM2	70.000	40	12	0	135	174	4	43	1.17e-17	63.5
XP_012073533.1|Jatropha_curcas	LYK5_LysM2	26.316	19	14	0	55	73	18	36	7.7	13.9
XP_012073533.1|Jatropha_curcas	LYK5_LysM3	48.889	45	22	1	194	238	1	44	1.97e-10	43.1
XP_012073533.1|Jatropha_curcas	CERK1_LysM2	28.261	46	32	1	128	173	1	45	3.40e-05	28.5
XP_012073533.1|Jatropha_curcas	CERK1_LysM2	45.455	11	6	0	231	241	31	41	4.5	14.2
XP_012073533.1|Jatropha_curcas	LYK5_LysM1	40.000	40	22	1	72	111	2	39	8.01e-04	24.3
XP_012073533.1|Jatropha_curcas	LYK5_LysM1	27.027	37	27	0	201	237	1	37	0.058	19.2
XP_012073533.1|Jatropha_curcas	CERK1_LysM3	34.483	29	16	1	25	53	13	38	0.24	17.7
XP_012073533.1|Jatropha_curcas	CERK1_LysM1	80.000	5	1	0	530	534	2	6	5.4	14.2
XP_012073533.1|Jatropha_curcas	CERK1_LysM1	25.926	27	20	0	393	419	7	33	6.7	13.9
XP_002510756.1|Ricinus_communis	LYK5_LysM2	75.000	40	10	0	135	174	4	43	1.82e-18	65.5
XP_002510756.1|Ricinus_communis	LYK5_LysM2	24.444	45	28	1	194	238	5	43	3.9	14.6
XP_002510756.1|Ricinus_communis	LYK5_LysM3	51.111	45	21	1	194	238	1	44	1.06e-11	46.6
XP_002510756.1|Ricinus_communis	CERK1_LysM2	33.333	39	26	0	135	173	7	45	6.63e-05	27.3
XP_002510756.1|Ricinus_communis	CERK1_LysM3	36.364	22	14	0	78	99	1	22	0.37	16.9
XP_002510756.1|Ricinus_communis	CERK1_LysM1	44.444	18	10	0	450	467	2	19	0.85	16.5
XP_002510756.1|Ricinus_communis	CERK1_LysM1	24.138	29	22	0	374	402	5	33	1.4	15.8
XP_002510756.1|Ricinus_communis	CERK1_LysM1	80.000	5	1	0	513	517	2	6	3.5	14.6
XP_002510756.1|Ricinus_communis	LYK5_LysM1	23.684	38	26	1	200	237	3	37	8.7	13.5
XP_002522569.2|Ricinus_communis	LYK5_LysM3	48.889	45	22	1	193	237	1	44	1.57e-12	48.9
XP_002522569.2|Ricinus_communis	LYK5_LysM2	51.220	41	20	0	133	173	3	43	3.42e-12	47.8
XP_002522569.2|Ricinus_communis	CERK1_LysM2	30.435	46	31	1	127	172	1	45	4.29e-04	25.0
XP_002522569.2|Ricinus_communis	LYK5_LysM1	42.308	26	15	0	85	110	14	39	0.001	23.9
XP_002522569.2|Ricinus_communis	CERK1_LysM1	44.444	18	10	0	450	467	2	19	0.10	18.9
XP_002522569.2|Ricinus_communis	CERK1_LysM1	100.000	5	0	0	513	517	2	6	2.1	15.4
XP_002522569.2|Ricinus_communis	CERK1_LysM1	66.667	6	2	0	410	415	2	7	8.0	13.9
XP_011041114.1|Populus_euphratica	LYK5_LysM2	70.000	40	12	0	131	170	4	43	5.02e-18	64.3
XP_011041114.1|Populus_euphratica	LYK5_LysM3	48.889	45	22	1	190	234	1	44	9.59e-12	46.6
XP_011041114.1|Populus_euphratica	LYK5_LysM1	55.556	36	14	1	72	107	6	39	3.70e-06	30.8
XP_011041114.1|Populus_euphratica	LYK5_LysM1	62.500	8	3	0	235	242	23	30	6.5	13.9
XP_011041114.1|Populus_euphratica	CERK1_LysM2	34.146	41	27	0	129	169	5	45	7.54e-06	30.0
XP_011041114.1|Populus_euphratica	CERK1_LysM1	50.000	18	9	0	461	478	2	19	0.19	18.1
XP_011041114.1|Populus_euphratica	CERK1_LysM1	80.000	5	1	0	524	528	2	6	5.1	14.2
XP_011041114.1|Populus_euphratica	CERK1_LysM3	66.667	12	4	0	197	208	7	18	0.36	17.3
XP_011025973.1|Populus_euphratica	LYK5_LysM3	25.000	44	33	0	180	223	1	44	5.99e-04	24.6
XP_011025973.1|Populus_euphratica	LYK5_LysM1	29.412	34	24	0	65	98	6	39	0.066	18.9
XP_011025973.1|Populus_euphratica	LYK5_LysM1	32.353	34	21	1	192	223	6	39	5.8	13.9
XP_011025973.1|Populus_euphratica	CERK1_LysM3	42.857	14	8	0	553	566	1	14	0.33	17.3
XP_011025973.1|Populus_euphratica	CERK1_LysM3	46.154	13	7	0	315	327	28	40	0.93	15.8
XP_011025973.1|Populus_euphratica	CERK1_LysM3	26.190	42	28	1	181	219	1	42	2.8	14.6
XP_011025973.1|Populus_euphratica	CERK1_LysM1	66.667	6	2	0	405	410	2	7	6.5	13.9
XP_011025973.1|Populus_euphratica	CERK1_LysM1	80.000	5	1	0	170	174	2	6	9.1	13.5
XP_002307830.2|Populus_trichocarpa	LYK5_LysM2	67.500	40	13	0	131	170	4	43	4.43e-17	61.6
XP_002307830.2|Populus_trichocarpa	LYK5_LysM3	51.111	45	21	1	190	234	1	44	5.33e-12	47.4
XP_002307830.2|Populus_trichocarpa	CERK1_LysM2	39.024	41	25	0	129	169	5	45	4.81e-07	33.5
XP_002307830.2|Populus_trichocarpa	LYK5_LysM1	55.556	36	14	1	72	107	6	39	2.19e-06	31.6
XP_002307830.2|Populus_trichocarpa	LYK5_LysM1	62.500	8	3	0	235	242	23	30	6.9	13.9
XP_002307830.2|Populus_trichocarpa	CERK1_LysM1	50.000	18	9	0	461	478	2	19	0.18	18.1
XP_002307830.2|Populus_trichocarpa	CERK1_LysM1	80.000	5	1	0	524	528	2	6	5.0	14.2
XP_002307830.2|Populus_trichocarpa	CERK1_LysM3	66.667	12	4	0	197	208	7	18	0.25	17.7
XP_038702640.1|Tripterygium_wilfordii	LYK5_LysM2	62.500	40	15	0	134	173	4	43	9.88e-14	52.4
XP_038702640.1|Tripterygium_wilfordii	LYK5_LysM3	48.889	45	22	1	193	237	1	44	1.18e-10	43.5
XP_038702640.1|Tripterygium_wilfordii	LYK5_LysM1	46.341	41	20	1	70	110	1	39	4.40e-06	30.4
XP_038702640.1|Tripterygium_wilfordii	CERK1_LysM2	35.484	31	20	0	134	164	7	37	6.95e-04	24.6
XP_038702640.1|Tripterygium_wilfordii	CERK1_LysM1	32.000	50	20	2	135	173	7	53	0.61	16.9
XP_038702640.1|Tripterygium_wilfordii	CERK1_LysM1	41.667	12	7	0	527	538	2	13	3.6	14.6
XP_038702640.1|Tripterygium_wilfordii	CERK1_LysM1	33.333	18	12	0	464	481	2	19	10.0	13.5
XP_022768869.1|Durio_zibethinus	LYK5_LysM2	38.462	39	24	0	138	176	5	43	2.04e-09	40.0
XP_022768869.1|Durio_zibethinus	LYK5_LysM3	33.333	45	29	1	196	240	1	44	5.29e-05	27.7
XP_022768869.1|Durio_zibethinus	LYK5_LysM3	34.783	23	15	0	474	496	11	33	8.2	13.5
XP_022768869.1|Durio_zibethinus	LYK5_LysM1	41.026	39	22	1	77	114	1	39	6.59e-05	27.3
XP_022768869.1|Durio_zibethinus	LYK5_LysM1	25.000	40	27	1	200	239	1	37	2.0	15.0
XP_022768869.1|Durio_zibethinus	CERK1_LysM2	34.615	26	17	0	136	161	6	31	0.018	20.8
XP_022768869.1|Durio_zibethinus	CERK1_LysM2	57.143	7	3	0	197	203	1	7	7.1	13.9
XP_022772795.1|Durio_zibethinus	LYK5_LysM2	43.590	39	22	0	134	172	5	43	1.20e-10	43.5
XP_022772795.1|Durio_zibethinus	LYK5_LysM3	35.556	45	28	1	192	236	1	44	1.30e-06	32.3
XP_022772795.1|Durio_zibethinus	LYK5_LysM1	41.026	39	22	1	73	110	1	39	7.60e-05	26.9
XP_022772795.1|Durio_zibethinus	CERK1_LysM2	33.333	27	18	0	132	158	6	32	0.008	21.6
XP_022775263.1|Durio_zibethinus	LYK5_LysM2	55.000	40	16	1	114	151	4	43	1.29e-10	43.5
XP_022775263.1|Durio_zibethinus	LYK5_LysM3	39.130	46	26	1	171	216	1	44	8.17e-07	32.7
XP_022775263.1|Durio_zibethinus	CERK1_LysM1	31.667	60	33	2	32	91	2	53	0.27	17.7
XP_022775263.1|Durio_zibethinus	CERK1_LysM2	50.000	10	5	0	209	218	31	40	3.1	14.6
XP_022718677.1|Durio_zibethinus	LYK5_LysM2	60.000	40	16	0	137	176	4	43	4.69e-13	50.4
XP_022718677.1|Durio_zibethinus	LYK5_LysM3	52.273	44	21	0	196	239	1	44	1.79e-11	45.8
XP_022718677.1|Durio_zibethinus	LYK5_LysM3	28.000	25	18	0	381	405	11	35	9.9	13.5
XP_022718677.1|Durio_zibethinus	CERK1_LysM2	26.087	46	33	1	130	175	1	45	0.001	24.3
XP_022718677.1|Durio_zibethinus	CERK1_LysM2	45.455	11	6	0	232	242	31	41	3.0	15.0
XP_022718677.1|Durio_zibethinus	CERK1_LysM3	42.857	14	8	0	592	605	1	14	0.57	16.5
XP_022718677.1|Durio_zibethinus	CERK1_LysM1	38.889	18	11	0	463	480	2	19	3.3	15.0
XP_022718676.1|Durio_zibethinus	LYK5_LysM2	60.000	40	16	0	177	216	4	43	6.00e-14	53.1
XP_022718676.1|Durio_zibethinus	LYK5_LysM2	55.556	9	4	0	389	397	28	36	4.1	14.6
XP_022718676.1|Durio_zibethinus	LYK5_LysM3	51.111	45	21	1	236	280	1	44	6.97e-12	47.0
XP_022718676.1|Durio_zibethinus	LYK5_LysM3	44.444	9	5	0	46	54	36	44	7.3	13.9
XP_022718676.1|Durio_zibethinus	LYK5_LysM1	51.282	39	19	0	112	150	1	39	5.87e-08	35.8
XP_022718676.1|Durio_zibethinus	CERK1_LysM2	34.375	32	20	1	170	201	1	31	4.70e-04	25.4
XP_022718676.1|Durio_zibethinus	CERK1_LysM2	75.000	8	2	0	297	304	31	38	0.59	16.9
XP_022718676.1|Durio_zibethinus	CERK1_LysM1	80.000	5	1	0	575	579	2	6	5.6	14.2
XP_022718676.1|Durio_zibethinus	CERK1_LysM1	38.889	18	11	0	512	529	2	19	7.9	13.9
XP_022718676.1|Durio_zibethinus	CERK1_LysM1	25.926	27	20	0	430	456	7	33	9.3	13.9
XP_017631612.1|Gossypium_arboreum	LYK5_LysM3	57.778	45	18	1	199	243	1	44	4.27e-14	53.5
XP_017631612.1|Gossypium_arboreum	LYK5_LysM3	22.727	44	29	1	141	179	1	44	4.5	14.2
XP_017631612.1|Gossypium_arboreum	LYK5_LysM3	38.462	26	13	1	561	586	13	35	6.8	13.9
XP_017631612.1|Gossypium_arboreum	LYK5_LysM2	60.000	40	16	0	140	179	4	43	9.24e-14	52.4
XP_017631612.1|Gossypium_arboreum	LYK5_LysM1	46.154	39	21	0	75	113	1	39	1.19e-07	35.0
XP_017631612.1|Gossypium_arboreum	CERK1_LysM2	30.769	39	27	0	140	178	7	45	3.22e-04	25.8
XP_017631612.1|Gossypium_arboreum	CERK1_LysM2	25.000	32	21	1	427	455	1	32	2.7	15.0
XP_017631612.1|Gossypium_arboreum	CERK1_LysM2	50.000	10	5	0	236	245	31	40	6.1	13.9
XP_017631612.1|Gossypium_arboreum	CERK1_LysM3	63.636	11	4	0	206	216	7	17	0.42	16.9
XP_017631612.1|Gossypium_arboreum	CERK1_LysM1	44.444	18	10	0	479	496	2	19	2.9	15.0
XP_017631612.1|Gossypium_arboreum	CERK1_LysM1	80.000	5	1	0	542	546	2	6	5.0	14.2
XP_017631612.1|Gossypium_arboreum	CERK1_LysM1	24.138	29	22	0	395	423	5	33	5.1	14.2
XP_016697670.1|Gossypium_hirsutum	LYK5_LysM2	60.000	40	16	0	140	179	4	43	9.24e-14	52.4
XP_016697670.1|Gossypium_hirsutum	LYK5_LysM3	55.556	45	19	1	199	243	1	44	2.30e-13	51.2
XP_016697670.1|Gossypium_hirsutum	LYK5_LysM3	22.727	44	29	1	141	179	1	44	4.3	14.2
XP_016697670.1|Gossypium_hirsutum	LYK5_LysM3	38.462	26	13	1	561	586	13	35	6.3	13.9
XP_016697670.1|Gossypium_hirsutum	LYK5_LysM1	46.154	39	21	0	75	113	1	39	1.15e-07	35.0
XP_016697670.1|Gossypium_hirsutum	CERK1_LysM2	30.769	39	27	0	140	178	7	45	3.35e-04	25.4
XP_016697670.1|Gossypium_hirsutum	CERK1_LysM2	22.857	35	24	1	427	458	1	35	2.7	15.0
XP_016697670.1|Gossypium_hirsutum	CERK1_LysM2	50.000	10	5	0	236	245	31	40	6.2	13.9
XP_016697670.1|Gossypium_hirsutum	CERK1_LysM3	63.636	11	4	0	206	216	7	17	0.43	16.9
XP_016697670.1|Gossypium_hirsutum	CERK1_LysM1	44.444	18	10	0	479	496	2	19	2.9	15.0
XP_016697670.1|Gossypium_hirsutum	CERK1_LysM1	80.000	5	1	0	542	546	2	6	5.1	14.2
XP_016697670.1|Gossypium_hirsutum	CERK1_LysM1	25.926	27	20	0	397	423	7	33	8.6	13.9
XP_016727798.1|Gossypium_hirsutum	LYK5_LysM3	57.778	45	18	1	199	243	1	44	4.32e-14	53.5
XP_016727798.1|Gossypium_hirsutum	LYK5_LysM3	22.727	44	29	1	141	179	1	44	4.3	14.2
XP_016727798.1|Gossypium_hirsutum	LYK5_LysM3	38.462	26	13	1	561	586	13	35	6.8	13.9
XP_016727798.1|Gossypium_hirsutum	LYK5_LysM2	60.000	40	16	0	140	179	4	43	9.24e-14	52.4
XP_016727798.1|Gossypium_hirsutum	LYK5_LysM1	46.154	39	21	0	75	113	1	39	1.22e-07	35.0
XP_016727798.1|Gossypium_hirsutum	CERK1_LysM2	30.769	39	27	0	140	178	7	45	3.22e-04	25.8
XP_016727798.1|Gossypium_hirsutum	CERK1_LysM2	25.000	32	21	1	427	455	1	32	2.7	15.0
XP_016727798.1|Gossypium_hirsutum	CERK1_LysM2	50.000	10	5	0	236	245	31	40	6.1	13.9
XP_016727798.1|Gossypium_hirsutum	CERK1_LysM3	63.636	11	4	0	206	216	7	17	0.42	16.9
XP_016727798.1|Gossypium_hirsutum	CERK1_LysM1	27.586	29	21	0	395	423	5	33	0.60	16.9
XP_016727798.1|Gossypium_hirsutum	CERK1_LysM1	44.444	18	10	0	479	496	2	19	2.9	15.0
XP_016727798.1|Gossypium_hirsutum	CERK1_LysM1	80.000	5	1	0	542	546	2	6	5.0	14.2
XP_012492359.1|Gossypium_raimondii	LYK5_LysM2	60.000	40	16	0	140	179	4	43	9.70e-14	52.4
XP_012492359.1|Gossypium_raimondii	LYK5_LysM3	55.556	45	19	1	199	243	1	44	1.84e-13	51.6
XP_012492359.1|Gossypium_raimondii	LYK5_LysM3	22.727	44	29	1	141	179	1	44	4.5	14.2
XP_012492359.1|Gossypium_raimondii	LYK5_LysM3	38.462	26	13	1	561	586	13	35	6.3	13.9
XP_012492359.1|Gossypium_raimondii	LYK5_LysM1	46.154	39	21	0	75	113	1	39	1.18e-07	35.0
XP_012492359.1|Gossypium_raimondii	CERK1_LysM2	30.769	39	27	0	140	178	7	45	3.32e-04	25.4
XP_012492359.1|Gossypium_raimondii	CERK1_LysM2	22.857	35	24	1	427	458	1	35	2.6	15.0
XP_012492359.1|Gossypium_raimondii	CERK1_LysM2	50.000	10	5	0	236	245	31	40	6.2	13.9
XP_012492359.1|Gossypium_raimondii	CERK1_LysM3	63.636	11	4	0	206	216	7	17	0.43	16.9
XP_012492359.1|Gossypium_raimondii	CERK1_LysM1	44.444	18	10	0	479	496	2	19	2.9	15.0
XP_012492359.1|Gossypium_raimondii	CERK1_LysM1	80.000	5	1	0	542	546	2	6	5.2	14.2
XP_012492359.1|Gossypium_raimondii	CERK1_LysM1	25.926	27	20	0	397	423	7	33	8.6	13.9
XP_012489156.1|Gossypium_raimondii	LYK5_LysM1	38.235	34	21	0	68	101	6	39	1.74e-04	26.2
XP_012489156.1|Gossypium_raimondii	LYK5_LysM1	55.556	9	4	0	381	389	6	14	3.6	14.2
XP_012489156.1|Gossypium_raimondii	LYK5_LysM3	23.404	47	33	1	183	229	1	44	0.006	21.9
XP_012489156.1|Gossypium_raimondii	CERK1_LysM2	29.032	31	22	0	117	147	1	31	0.011	21.2
XP_012489156.1|Gossypium_raimondii	LYK5_LysM2	53.846	13	6	0	89	101	31	43	0.44	16.9
XP_012489156.1|Gossypium_raimondii	CERK1_LysM3	27.273	33	23	1	293	325	9	40	1.8	15.4
XP_012489156.1|Gossypium_raimondii	CERK1_LysM1	66.667	6	2	0	401	406	2	7	6.7	13.9
XP_017977387.1|Theobroma_cacao	LYK5_LysM2	60.000	40	16	0	141	180	4	43	1.85e-13	51.6
XP_017977387.1|Theobroma_cacao	LYK5_LysM3	55.556	45	19	1	200	244	1	44	1.45e-11	46.2
XP_017977387.1|Theobroma_cacao	LYK5_LysM1	43.590	39	22	0	76	114	1	39	1.23e-06	32.3
XP_017977387.1|Theobroma_cacao	CERK1_LysM2	31.250	32	21	1	134	165	1	31	7.59e-04	24.6
XP_017977387.1|Theobroma_cacao	CERK1_LysM2	50.000	10	5	0	237	246	31	40	9.2	13.5
XP_017977387.1|Theobroma_cacao	CERK1_LysM1	27.586	29	21	0	386	414	5	33	2.1	15.4
XP_017977387.1|Theobroma_cacao	CERK1_LysM1	80.000	5	1	0	533	537	2	6	5.5	14.2
XP_007029832.2|Theobroma_cacao	LYK5_LysM2	60.000	40	16	0	141	180	4	43	3.67e-13	50.8
XP_007029832.2|Theobroma_cacao	LYK5_LysM3	47.727	44	23	0	200	243	1	44	1.13e-10	43.5
XP_007029832.2|Theobroma_cacao	LYK5_LysM1	41.463	41	22	1	78	118	1	39	1.77e-04	26.2
XP_007029832.2|Theobroma_cacao	CERK1_LysM2	26.087	46	33	1	134	179	1	45	2.94e-04	25.8
XP_007029832.2|Theobroma_cacao	CERK1_LysM3	69.231	13	4	0	206	218	6	18	0.020	20.4
XP_007029832.2|Theobroma_cacao	CERK1_LysM3	40.000	15	9	0	596	610	1	15	1.5	15.4
XP_007029832.2|Theobroma_cacao	CERK1_LysM1	38.889	18	11	0	467	484	2	19	1.4	15.8
XP_007029832.2|Theobroma_cacao	CERK1_LysM1	36.111	36	21	1	210	243	18	53	5.6	14.2
XP_007029832.2|Theobroma_cacao	CERK1_LysM1	66.667	9	2	1	586	594	27	34	5.7	14.2
XP_006410503.2|Eutrema_salsugineum	LYK5_LysM2	82.500	40	7	0	129	168	4	43	6.69e-21	72.8
XP_006410503.2|Eutrema_salsugineum	LYK5_LysM3	62.222	45	16	1	188	232	1	44	1.54e-15	57.4
XP_006410503.2|Eutrema_salsugineum	LYK5_LysM1	74.359	39	10	0	68	106	1	39	1.81e-14	54.3
XP_006410503.2|Eutrema_salsugineum	CERK1_LysM1	44.444	18	10	0	459	476	2	19	1.0	16.2
XP_006410503.2|Eutrema_salsugineum	CERK1_LysM1	80.000	5	1	0	521	525	2	6	5.7	14.2
XP_006410503.2|Eutrema_salsugineum	CERK1_LysM3	39.130	23	14	0	66	88	5	27	4.5	14.2
XP_018484364.1|Raphanus_sativus	LYK5_LysM2	86.047	43	6	0	138	180	1	43	1.73e-22	77.0
XP_018484364.1|Raphanus_sativus	LYK5_LysM3	68.889	45	13	1	200	244	1	44	1.31e-18	66.2
XP_018484364.1|Raphanus_sativus	LYK5_LysM1	69.231	39	12	0	77	115	1	39	5.90e-14	52.8
XP_018484364.1|Raphanus_sativus	CERK1_LysM2	35.556	45	27	1	136	178	2	46	1.19e-04	26.9
XP_018484364.1|Raphanus_sativus	CERK1_LysM1	44.444	18	10	0	479	496	2	19	1.3	15.8
XP_018484364.1|Raphanus_sativus	CERK1_LysM1	80.000	5	1	0	541	545	2	6	5.7	14.2
XP_018484364.1|Raphanus_sativus	CERK1_LysM1	31.250	16	11	0	441	456	2	17	6.9	13.9
XP_010523260.1|Tarenaya_hassleriana	LYK5_LysM2	75.000	40	10	0	194	233	4	43	5.81e-18	64.3
XP_010523260.1|Tarenaya_hassleriana	LYK5_LysM3	60.000	45	17	1	253	297	1	44	3.67e-16	59.3
XP_010523260.1|Tarenaya_hassleriana	LYK5_LysM1	56.410	39	17	0	123	161	1	39	1.26e-09	40.8
XP_010523260.1|Tarenaya_hassleriana	LYK5_LysM1	35.000	20	13	0	26	45	10	29	4.9	14.2
XP_010523260.1|Tarenaya_hassleriana	CERK1_LysM1	44.444	18	10	0	528	545	2	19	1.0	16.5
XP_010523260.1|Tarenaya_hassleriana	CERK1_LysM1	80.000	5	1	0	596	600	2	6	6.3	14.2
CAD6336214.1|Miscanthus_lutarioriparius	LYK5_LysM2	54.762	42	18	1	150	191	3	43	3.37e-13	50.8
CAD6336214.1|Miscanthus_lutarioriparius	LYK5_LysM3	37.778	45	27	1	211	255	1	44	3.78e-07	33.9
CAD6336214.1|Miscanthus_lutarioriparius	CERK1_LysM2	37.037	27	17	0	149	175	5	31	0.001	24.3
CAD6336214.1|Miscanthus_lutarioriparius	CERK1_LysM2	40.909	22	13	0	263	284	19	40	0.84	16.2
CAD6336214.1|Miscanthus_lutarioriparius	LYK5_LysM1	27.273	33	24	0	94	126	5	37	0.025	20.4
CAD6336214.1|Miscanthus_lutarioriparius	CERK1_LysM1	44.444	18	10	0	494	511	2	19	0.066	19.6
XP_002451701.1|Sorghum_bicolor	LYK5_LysM2	56.098	41	17	1	135	175	4	43	1.70e-11	45.8
XP_002451701.1|Sorghum_bicolor	LYK5_LysM3	40.000	45	26	1	195	239	1	44	4.28e-08	36.6
XP_002451701.1|Sorghum_bicolor	LYK5_LysM1	33.333	39	25	1	74	111	1	39	0.005	21.9
XP_002451701.1|Sorghum_bicolor	CERK1_LysM2	38.462	26	16	0	135	160	7	32	0.020	20.8
XP_002451701.1|Sorghum_bicolor	CERK1_LysM2	54.545	11	5	0	232	242	31	41	4.9	14.2
XP_002451701.1|Sorghum_bicolor	CERK1_LysM1	38.889	18	11	0	483	500	2	19	0.56	16.9
XP_020592581.1|Phalaenopsis_equestris	LYK5_LysM2	57.500	40	17	0	129	168	4	43	1.87e-14	54.3
XP_020592581.1|Phalaenopsis_equestris	LYK5_LysM3	42.222	45	25	1	188	232	1	44	5.58e-08	36.2
XP_020592581.1|Phalaenopsis_equestris	LYK5_LysM3	26.667	15	11	0	617	631	6	20	8.3	13.5
XP_020592581.1|Phalaenopsis_equestris	CERK1_LysM1	50.000	18	9	0	458	475	2	19	0.46	17.3
XP_021900824.1|Carica_papaya	LYK5_LysM2	60.000	40	16	0	173	212	4	43	3.24e-13	50.8
XP_021900824.1|Carica_papaya	LYK5_LysM2	26.667	45	27	2	232	276	5	43	2.8	15.0
XP_021900824.1|Carica_papaya	LYK5_LysM3	46.667	45	23	1	232	276	1	44	2.90e-11	45.4
XP_021900824.1|Carica_papaya	LYK5_LysM1	42.857	35	20	0	116	150	5	39	7.92e-05	27.3
XP_021900824.1|Carica_papaya	CERK1_LysM2	40.000	30	16	1	168	197	4	31	0.003	23.1
XP_021900824.1|Carica_papaya	CERK1_LysM1	40.000	15	9	0	76	90	9	23	4.8	14.6
XP_021900824.1|Carica_papaya	CERK1_LysM1	80.000	5	1	0	564	568	2	6	5.3	14.2
XP_021900824.1|Carica_papaya	CERK1_LysM1	66.667	6	2	0	462	467	2	7	8.4	13.9
XP_021912215.1|Carica_papaya	CERK1_LysM3	33.333	24	15	1	181	204	1	23	1.8	15.4
XP_021912215.1|Carica_papaya	LYK5_LysM3	71.429	7	2	0	474	480	30	36	3.1	14.6
XP_021912215.1|Carica_papaya	LYK5_LysM1	20.513	39	30	1	64	102	2	39	5.2	13.9
XP_021912215.1|Carica_papaya	LYK5_LysM2	26.087	23	17	0	17	39	10	32	7.2	13.9
Eremolemon|LYK5	LYK5_LysM2	72.500	40	11	0	137	176	4	43	3.92e-17	62.0
Eremolemon|LYK5	LYK5_LysM3	48.889	45	22	1	196	240	1	44	2.44e-12	48.5
Eremolemon|LYK5	LYK5_LysM3	83.333	6	1	0	105	110	39	44	0.81	16.2
Eremolemon|LYK5	LYK5_LysM3	31.818	22	15	0	573	594	7	28	1.6	15.4
Eremolemon|LYK5	CERK1_LysM2	31.707	41	28	0	135	175	5	45	3.32e-04	25.4
Eremolemon|LYK5	LYK5_LysM1	40.000	40	23	1	71	110	1	39	0.008	21.6
Eremolemon|LYK5	CERK1_LysM1	80.000	5	1	0	542	546	2	6	5.2	14.2
Eremolemon|LYK5	CERK1_LysM1	33.333	18	12	0	475	492	2	19	7.3	13.9
Eremolemon|LYK5	CERK1_LysM1	25.926	27	20	0	393	419	7	33	8.7	13.9
Lisbon_lemon|LYK5	LYK5_LysM2	70.000	40	12	0	137	176	4	43	2.82e-16	59.7
Lisbon_lemon|LYK5	LYK5_LysM2	24.444	45	28	2	196	240	5	43	3.0	14.6
Lisbon_lemon|LYK5	LYK5_LysM3	46.667	45	23	1	196	240	1	44	6.44e-12	47.4
Lisbon_lemon|LYK5	LYK5_LysM3	83.333	6	1	0	105	110	39	44	0.81	16.2
Lisbon_lemon|LYK5	LYK5_LysM3	31.818	22	15	0	572	593	7	28	1.6	15.4
Lisbon_lemon|LYK5	LYK5_LysM3	83.333	6	1	0	314	319	39	44	2.0	15.4
Lisbon_lemon|LYK5	CERK1_LysM2	31.707	41	28	0	135	175	5	45	3.35e-04	25.4
Lisbon_lemon|LYK5	LYK5_LysM1	40.000	40	23	1	71	110	1	39	0.017	20.8
Lisbon_lemon|LYK5	CERK1_LysM1	80.000	5	1	0	541	545	2	6	5.2	14.2
Lisbon_lemon|LYK5	CERK1_LysM1	33.333	18	12	0	474	491	2	19	7.4	13.9
Lisbon_lemon|LYK5	CERK1_LysM1	25.926	27	20	0	392	418	7	33	7.4	13.9
Microcitrus_australasica|LYK5	LYK5_LysM2	72.500	40	11	0	137	176	4	43	7.92e-17	61.2
Microcitrus_australasica|LYK5	LYK5_LysM3	48.889	45	22	1	196	240	1	44	2.35e-12	48.5
Microcitrus_australasica|LYK5	LYK5_LysM3	83.333	6	1	0	105	110	39	44	0.79	16.2
Microcitrus_australasica|LYK5	LYK5_LysM3	31.818	22	15	0	573	594	7	28	1.6	15.4
Microcitrus_australasica|LYK5	LYK5_LysM3	83.333	6	1	0	315	320	39	44	2.0	15.4
Microcitrus_australasica|LYK5	CERK1_LysM2	31.707	41	28	0	135	175	5	45	8.58e-04	24.6
Microcitrus_australasica|LYK5	LYK5_LysM1	37.500	40	24	1	71	110	1	39	0.049	19.2
Microcitrus_australasica|LYK5	CERK1_LysM1	29.630	27	19	0	393	419	7	33	2.1	15.4
Microcitrus_australasica|LYK5	CERK1_LysM1	80.000	5	1	0	542	546	2	6	5.2	14.2
Microcitrus_australasica|LYK5	CERK1_LysM1	33.333	18	12	0	475	492	2	19	7.2	13.9
Rio_red_grapefruit|LYK5	LYK5_LysM2	70.000	40	12	0	137	176	4	43	3.39e-16	59.3
Rio_red_grapefruit|LYK5	LYK5_LysM3	48.889	45	22	1	196	240	1	44	1.73e-12	48.9
Rio_red_grapefruit|LYK5	LYK5_LysM3	83.333	6	1	0	105	110	39	44	0.79	16.2
Rio_red_grapefruit|LYK5	LYK5_LysM3	31.818	22	15	0	572	593	7	28	1.6	15.4
Rio_red_grapefruit|LYK5	LYK5_LysM3	83.333	6	1	0	314	319	39	44	2.0	15.4
Rio_red_grapefruit|LYK5	CERK1_LysM2	33.333	39	26	0	137	175	7	45	2.16e-04	26.2
Rio_red_grapefruit|LYK5	LYK5_LysM1	37.500	40	24	1	71	110	1	39	0.047	19.6
Rio_red_grapefruit|LYK5	CERK1_LysM1	80.000	5	1	0	541	545	2	6	5.1	14.2
Rio_red_grapefruit|LYK5	CERK1_LysM1	33.333	18	12	0	474	491	2	19	7.4	13.9
Rio_red_grapefruit|LYK5	CERK1_LysM1	25.926	27	20	0	392	418	7	33	7.7	13.9
Tango_mandarin|LYK5	LYK5_LysM2	70.000	40	12	0	137	176	4	43	3.26e-16	59.3
Tango_mandarin|LYK5	LYK5_LysM3	48.889	45	22	1	196	240	1	44	1.34e-12	49.3
Tango_mandarin|LYK5	LYK5_LysM3	83.333	6	1	0	105	110	39	44	0.79	16.2
Tango_mandarin|LYK5	LYK5_LysM3	31.818	22	15	0	572	593	7	28	1.6	15.4
Tango_mandarin|LYK5	LYK5_LysM3	83.333	6	1	0	314	319	39	44	2.0	15.4
Tango_mandarin|LYK5	CERK1_LysM2	33.333	39	26	0	137	175	7	45	2.18e-04	26.2
Tango_mandarin|LYK5	LYK5_LysM1	37.500	40	24	1	71	110	1	39	0.051	19.2
Tango_mandarin|LYK5	CERK1_LysM1	80.000	5	1	0	541	545	2	6	5.1	14.2
Tango_mandarin|LYK5	CERK1_LysM1	33.333	18	12	0	474	491	2	19	7.4	13.9
Tango_mandarin|LYK5	CERK1_LysM1	25.926	27	20	0	392	418	7	33	8.5	13.9
Washington_navel_orange|LYK5	LYK5_LysM2	70.000	40	12	0	137	176	4	43	3.43e-16	59.3
Washington_navel_orange|LYK5	LYK5_LysM3	48.889	45	22	1	196	240	1	44	1.33e-12	49.3
Washington_navel_orange|LYK5	LYK5_LysM3	83.333	6	1	0	105	110	39	44	0.78	16.2
Washington_navel_orange|LYK5	LYK5_LysM3	83.333	6	1	0	314	319	39	44	2.0	15.4
Washington_navel_orange|LYK5	CERK1_LysM2	33.333	39	26	0	137	175	7	45	2.20e-04	26.2
Washington_navel_orange|LYK5	LYK5_LysM1	37.500	40	24	1	71	110	1	39	0.048	19.6
Washington_navel_orange|LYK5	CERK1_LysM1	80.000	5	1	0	541	545	2	6	5.2	14.2
Washington_navel_orange|LYK5	CERK1_LysM1	33.333	18	12	0	474	491	2	19	7.1	13.9
Washington_navel_orange|LYK5	CERK1_LysM1	25.926	27	20	0	392	418	7	33	8.7	13.9
